Workbook

Sheet Sheet1
A1: SURNAME | B1: FIRST NAME | C1: YEAR OF BIRTH | D1: FATHER'S/MOTHER'S NAME | E1: HBM | F1: INV.# | G1: DATA IMAGE PAGE | H1: DATA FOLIO PAGE | I1: INDEX IMAGE PAGE | J1: INDEX FOLIO PAGE | K1: COMMENTS | L1: MTLINK | M1: fond | N1: zaznamid | O1: reproid
A2: ? | B2: Anna | C2: 1788 | D2: Ezechiel | E2: HBMa | F2: 2173 | G2: 19 | H2: 32 | I2: 115 | J2: 259 | L2: =IF(G2="Not available","","http://www.badatelna.eu/reprodukce/?fondId="&M2&"&zaznamId="&N2&"&reproId="&O2) -> http://www.badatelna.eu/reprodukce/?fondId=1073&zaznamId=1108959&reproId=3780012 | M2: =VLOOKUP(F2,Sheet2!$B$1:$E$19,2,FALSE) -> 1073 | N2: =VLOOKUP(F2,Sheet2!$B$1:$E$19,3,FALSE) -> 1108959 | O2: =IF(G2="Not available","",VLOOKUP(F2,Sheet2!$B$1:$E$19,4,FALSE)+(G2-1)) -> 3780012
A3: ? | B3: Fegele | C3: 1785 | D3: Jakob/Brindel | E3: HBMa | F3: 2173 | G3: 8 | H3: 10 | I3: 96 | J3: 201 | L3: =IF(G3="Not available","","http://www.badatelna.eu/reprodukce/?fondId="&M3&"&zaznamId="&N3&"&reproId="&O3) -> http://www.badatelna.eu/reprodukce/?fondId=1073&zaznamId=1108959&reproId=3780001 | M3: =VLOOKUP(F3,Sheet2!$B$1:$E$19,2,FALSE) -> 1073 | N3: =VLOOKUP(F3,Sheet2!$B$1:$E$19,3,FALSE) -> 1108959 | O3: =IF(G3="Not available","",VLOOKUP(F3,Sheet2!$B$1:$E$19,4,FALSE)+(G3-1)) -> 3780001
A4: ? | B4: Isak | C4: 1784 | D4: Mattius | E4: HBMa | F4: 2173 | G4: 5 | H4: 4 | I4: 115 | J4: 259 | L4: =IF(G4="Not available","","http://www.badatelna.eu/reprodukce/?fondId="&M4&"&zaznamId="&N4&"&reproId="&O4) -> http://www.badatelna.eu/reprodukce/?fondId=1073&zaznamId=1108959&reproId=3779998 | M4: =VLOOKUP(F4,Sheet2!$B$1:$E$19,2,FALSE) -> 1073 | N4: =VLOOKUP(F4,Sheet2!$B$1:$E$19,3,FALSE) -> 1108959 | O4: =IF(G4="Not available","",VLOOKUP(F4,Sheet2!$B$1:$E$19,4,FALSE)+(G4-1)) -> 3779998
A5: ? | B5: Katharine | C5: 1785 | D5: Lazar/Jüttel | E5: HBMa | F5: 2173 | G5: 8 | H5: 10 | I5: 91 | J5: 189 | L5: =IF(G5="Not available","","http://www.badatelna.eu/reprodukce/?fondId="&M5&"&zaznamId="&N5&"&reproId="&O5) -> http://www.badatelna.eu/reprodukce/?fondId=1073&zaznamId=1108959&reproId=3780001 | M5: =VLOOKUP(F5,Sheet2!$B$1:$E$19,2,FALSE) -> 1073 | N5: =VLOOKUP(F5,Sheet2!$B$1:$E$19,3,FALSE) -> 1108959 | O5: =IF(G5="Not available","",VLOOKUP(F5,Sheet2!$B$1:$E$19,4,FALSE)+(G5-1)) -> 3780001
A6: ? | B6: Selig | C6: 1785 | D6: Samuel | E6: HBMa | F6: 2173 | G6: 10 | H6: 15 | I6: 115 | J6: 259 | L6: =IF(G6="Not available","","http://www.badatelna.eu/reprodukce/?fondId="&M6&"&zaznamId="&N6&"&reproId="&O6) -> http://www.badatelna.eu/reprodukce/?fondId=1073&zaznamId=1108959&reproId=3780003 | M6: =VLOOKUP(F6,Sheet2!$B$1:$E$19,2,FALSE) -> 1073 | N6: =VLOOKUP(F6,Sheet2!$B$1:$E$19,3,FALSE) -> 1108959 | O6: =IF(G6="Not available","",VLOOKUP(F6,Sheet2!$B$1:$E$19,4,FALSE)+(G6-1)) -> 3780003
A7: Adel | B7: Hermina | C7: 1888 | D7: /Klara | E7: HBMa | F7: 2176 | G7: Not available | H7: 1-1 | I7: 3 | J7: Not available | L7: =IF(G7="Not available","","http://www.badatelna.eu/reprodukce/?fondId="&M7&"&zaznamId="&N7&"&reproId="&O7) | M7: =VLOOKUP(F7,Sheet2!$B$1:$E$19,2,FALSE) -> 1073 | N7: =VLOOKUP(F7,Sheet2!$B$1:$E$19,3,FALSE) -> 1108963 | O7: =IF(G7="Not available","",VLOOKUP(F7,Sheet2!$B$1:$E$19,4,FALSE)+(G7-1))
A8: Adler | B8: Abraham | C8: 1835 | D8: David | E8: HBMa | F8: 2174 | G8: 81 | H8: 20-105 | I8: 179 | J8: 179 | L8: =IF(G8="Not available","","http://www.badatelna.eu/reprodukce/?fondId="&M8&"&zaznamId="&N8&"&reproId="&O8) -> http://www.badatelna.eu/reprodukce/?fondId=1073&zaznamId=1108960&reproId=3780305 | M8: =VLOOKUP(F8,Sheet2!$B$1:$E$19,2,FALSE) -> 1073 | N8: =VLOOKUP(F8,Sheet2!$B$1:$E$19,3,FALSE) -> 1108960 | O8: =IF(G8="Not available","",VLOOKUP(F8,Sheet2!$B$1:$E$19,4,FALSE)+(G8-1)) -> 3780305
A9: Adler | B9: Anna | C9: 1873 | D9: Selig/Berta | E9: HBMa | F9: 2176 | G9: Not available | H9: 5-26 | I9: 3 | J9: Not available | L9: =IF(G9="Not available","","http://www.badatelna.eu/reprodukce/?fondId="&M9&"&zaznamId="&N9&"&reproId="&O9) | M9: =VLOOKUP(F9,Sheet2!$B$1:$E$19,2,FALSE) -> 1073 | N9: =VLOOKUP(F9,Sheet2!$B$1:$E$19,3,FALSE) -> 1108963 | O9: =IF(G9="Not available","",VLOOKUP(F9,Sheet2!$B$1:$E$19,4,FALSE)+(G9-1))
A10: Adler | B10: Barbara | C10: 1796 | D10: Isaias | E10: HBMa | F10: 2173 | G10: 34 | H10: 64 | I10: 90 | J10: 185 | L10: =IF(G10="Not available","","http://www.badatelna.eu/reprodukce/?fondId="&M10&"&zaznamId="&N10&"&reproId="&O10) -> http://www.badatelna.eu/reprodukce/?fondId=1073&zaznamId=1108959&reproId=3780027 | M10: =VLOOKUP(F10,Sheet2!$B$1:$E$19,2,FALSE) -> 1073 | N10: =VLOOKUP(F10,Sheet2!$B$1:$E$19,3,FALSE) -> 1108959 | O10: =IF(G10="Not available","",VLOOKUP(F10,Sheet2!$B$1:$E$19,4,FALSE)+(G10-1)) -> 3780027
A11: Adler | B11: Benjamin | C11: 1801 | E11: HBMa | F11: 2173 | G11: 44 | H11: 82 | I11: 90 | J11: 185 | L11: =IF(G11="Not available","","http://www.badatelna.eu/reprodukce/?fondId="&M11&"&zaznamId="&N11&"&reproId="&O11) -> http://www.badatelna.eu/reprodukce/?fondId=1073&zaznamId=1108959&reproId=3780037 | M11: =VLOOKUP(F11,Sheet2!$B$1:$E$19,2,FALSE) -> 1073 | N11: =VLOOKUP(F11,Sheet2!$B$1:$E$19,3,FALSE) -> 1108959 | O11: =IF(G11="Not available","",VLOOKUP(F11,Sheet2!$B$1:$E$19,4,FALSE)+(G11-1)) -> 3780037
A12: Adler | B12: Betti | C12: 1849 | D12: Elias | E12: HBMa | F12: 2164 | G12: 59 | H12: 57 | I12: 122 | J12: Not available | L12: =IF(G12="Not available","","http://www.badatelna.eu/reprodukce/?fondId="&M12&"&zaznamId="&N12&"&reproId="&O12) -> http://www.badatelna.eu/reprodukce/?fondId=1073&zaznamId=1108951&reproId=3778773 | M12: =VLOOKUP(F12,Sheet2!$B$1:$E$19,2,FALSE) -> 1073 | N12: =VLOOKUP(F12,Sheet2!$B$1:$E$19,3,FALSE) -> 1108951 | O12: =IF(G12="Not available","",VLOOKUP(F12,Sheet2!$B$1:$E$19,4,FALSE)+(G12-1)) -> 3778773
A13: Adler | B13: Betty | C13: 1832 | D13: David | E13: HBMa | F13: 2174 | G13: 67 | H13: 6-91 | I13: 179 | J13: 203 | K13: Schaffa | L13: =IF(G13="Not available","","http://www.badatelna.eu/reprodukce/?fondId="&M13&"&zaznamId="&N13&"&reproId="&O13) -> http://www.badatelna.eu/reprodukce/?fondId=1073&zaznamId=1108960&reproId=3780291 | M13: =VLOOKUP(F13,Sheet2!$B$1:$E$19,2,FALSE) -> 1073 | N13: =VLOOKUP(F13,Sheet2!$B$1:$E$19,3,FALSE) -> 1108960 | O13: =IF(G13="Not available","",VLOOKUP(F13,Sheet2!$B$1:$E$19,4,FALSE)+(G13-1)) -> 3780291
A14: Adler | B14: Bohdan | C14: 1872 | D14: Selig/Berta | E14: HBMa | F14: 2176 | G14: Not available | H14: 5-27 | I14: 3 | J14: Not available | L14: =IF(G14="Not available","","http://www.badatelna.eu/reprodukce/?fondId="&M14&"&zaznamId="&N14&"&reproId="&O14) | M14: =VLOOKUP(F14,Sheet2!$B$1:$E$19,2,FALSE) -> 1073 | N14: =VLOOKUP(F14,Sheet2!$B$1:$E$19,3,FALSE) -> 1108963 | O14: =IF(G14="Not available","",VLOOKUP(F14,Sheet2!$B$1:$E$19,4,FALSE)+(G14-1))
A15: Adler | B15: Chaje | C15: 1789 | D15: Isaias | E15: HBMa | F15: 2173 | G15: 21 | H15: 37 | I15: 90 | J15: 185 | L15: =IF(G15="Not available","","http://www.badatelna.eu/reprodukce/?fondId="&M15&"&zaznamId="&N15&"&reproId="&O15) -> http://www.badatelna.eu/reprodukce/?fondId=1073&zaznamId=1108959&reproId=3780014 | M15: =VLOOKUP(F15,Sheet2!$B$1:$E$19,2,FALSE) -> 1073 | N15: =VLOOKUP(F15,Sheet2!$B$1:$E$19,3,FALSE) -> 1108959 | O15: =IF(G15="Not available","",VLOOKUP(F15,Sheet2!$B$1:$E$19,4,FALSE)+(G15-1)) -> 3780014
A16: Adler | B16: David | C16: 1787 | D16: Juda | E16: HBMa | F16: 2173 | G16: 14 | H16: 22 | I16: 90 | J16: 185 | L16: =IF(G16="Not available","","http://www.badatelna.eu/reprodukce/?fondId="&M16&"&zaznamId="&N16&"&reproId="&O16) -> http://www.badatelna.eu/reprodukce/?fondId=1073&zaznamId=1108959&reproId=3780007 | M16: =VLOOKUP(F16,Sheet2!$B$1:$E$19,2,FALSE) -> 1073 | N16: =VLOOKUP(F16,Sheet2!$B$1:$E$19,3,FALSE) -> 1108959 | O16: =IF(G16="Not available","",VLOOKUP(F16,Sheet2!$B$1:$E$19,4,FALSE)+(G16-1)) -> 3780007
A17: Adler | B17: Edita | C17: 1922 | D17: Robert/Marianna | E17: HBMa | F17: 2176 | G17: Not available | H17: 1-1 | I17: 3 | J17: Not available | L17: =IF(G17="Not available","","http://www.badatelna.eu/reprodukce/?fondId="&M17&"&zaznamId="&N17&"&reproId="&O17) | M17: =VLOOKUP(F17,Sheet2!$B$1:$E$19,2,FALSE) -> 1073 | N17: =VLOOKUP(F17,Sheet2!$B$1:$E$19,3,FALSE) -> 1108963 | O17: =IF(G17="Not available","",VLOOKUP(F17,Sheet2!$B$1:$E$19,4,FALSE)+(G17-1))
A18: Adler | B18: Elenore | C18: 1851 | D18: Elias | E18: HBMa | F18: 2164 | G18: 75 | H18: 73 | I18: 122 | J18: Not available | L18: =IF(G18="Not available","","http://www.badatelna.eu/reprodukce/?fondId="&M18&"&zaznamId="&N18&"&reproId="&O18) -> http://www.badatelna.eu/reprodukce/?fondId=1073&zaznamId=1108951&reproId=3778789 | M18: =VLOOKUP(F18,Sheet2!$B$1:$E$19,2,FALSE) -> 1073 | N18: =VLOOKUP(F18,Sheet2!$B$1:$E$19,3,FALSE) -> 1108951 | O18: =IF(G18="Not available","",VLOOKUP(F18,Sheet2!$B$1:$E$19,4,FALSE)+(G18-1)) -> 3778789
A19: Adler | B19: Elsa | C19: 1899 | D19: Richard/Jana | E19: HBMa | F19: 2176 | G19: Not available | H19: 3-19 | I19: 3 | J19: Not available | L19: =IF(G19="Not available","","http://www.badatelna.eu/reprodukce/?fondId="&M19&"&zaznamId="&N19&"&reproId="&O19) | M19: =VLOOKUP(F19,Sheet2!$B$1:$E$19,2,FALSE) -> 1073 | N19: =VLOOKUP(F19,Sheet2!$B$1:$E$19,3,FALSE) -> 1108963 | O19: =IF(G19="Not available","",VLOOKUP(F19,Sheet2!$B$1:$E$19,4,FALSE)+(G19-1))
A20: Adler | B20: Elsa | C20: 1899-09-09 | D20: Richard | E20: HBMa | F20: 2165 | G20: 283 | H20: 3 | I20: 284 | J20: 258 | L20: =IF(G20="Not available","","http://www.badatelna.eu/reprodukce/?fondId="&M20&"&zaznamId="&N20&"&reproId="&O20) -> http://www.badatelna.eu/reprodukce/?fondId=1073&zaznamId=1108952&reproId=3779144 | M20: =VLOOKUP(F20,Sheet2!$B$1:$E$19,2,FALSE) -> 1073 | N20: =VLOOKUP(F20,Sheet2!$B$1:$E$19,3,FALSE) -> 1108952 | O20: =IF(G20="Not available","",VLOOKUP(F20,Sheet2!$B$1:$E$19,4,FALSE)+(G20-1)) -> 3779144
A21: Adler | B21: Emanuel | C21: 1790 | D21: Juda | E21: HBMa | F21: 2173 | G21: 23 | H21: 40 | I21: 90 | J21: 185 | L21: =IF(G21="Not available","","http://www.badatelna.eu/reprodukce/?fondId="&M21&"&zaznamId="&N21&"&reproId="&O21) -> http://www.badatelna.eu/reprodukce/?fondId=1073&zaznamId=1108959&reproId=3780016 | M21: =VLOOKUP(F21,Sheet2!$B$1:$E$19,2,FALSE) -> 1073 | N21: =VLOOKUP(F21,Sheet2!$B$1:$E$19,3,FALSE) -> 1108959 | O21: =IF(G21="Not available","",VLOOKUP(F21,Sheet2!$B$1:$E$19,4,FALSE)+(G21-1)) -> 3780016
A22: Adler | B22: Emil | C22: 1895 | D22: Julius/Matylda | E22: HBMa | F22: 2176 | G22: Not available | H22: 1-4 | I22: 3 | J22: Not available | L22: =IF(G22="Not available","","http://www.badatelna.eu/reprodukce/?fondId="&M22&"&zaznamId="&N22&"&reproId="&O22) | M22: =VLOOKUP(F22,Sheet2!$B$1:$E$19,2,FALSE) -> 1073 | N22: =VLOOKUP(F22,Sheet2!$B$1:$E$19,3,FALSE) -> 1108963 | O22: =IF(G22="Not available","",VLOOKUP(F22,Sheet2!$B$1:$E$19,4,FALSE)+(G22-1))
A23: Adler | B23: Emil | C23: 1895-02-21 | D23: Julius | E23: HBMa | F23: 2165 | G23: 254 | H23: 1 | I23: 252 | J23: 228 | L23: =IF(G23="Not available","","http://www.badatelna.eu/reprodukce/?fondId="&M23&"&zaznamId="&N23&"&reproId="&O23) -> http://www.badatelna.eu/reprodukce/?fondId=1073&zaznamId=1108952&reproId=3779115 | M23: =VLOOKUP(F23,Sheet2!$B$1:$E$19,2,FALSE) -> 1073 | N23: =VLOOKUP(F23,Sheet2!$B$1:$E$19,3,FALSE) -> 1108952 | O23: =IF(G23="Not available","",VLOOKUP(F23,Sheet2!$B$1:$E$19,4,FALSE)+(G23-1)) -> 3779115
A24: Adler | B24: Enoch | C24: 1799 | D24: Juda | E24: HBMa | F24: 2173 | G24: 40 | H24: 74 | I24: 90 | J24: 185 | L24: =IF(G24="Not available","","http://www.badatelna.eu/reprodukce/?fondId="&M24&"&zaznamId="&N24&"&reproId="&O24) -> http://www.badatelna.eu/reprodukce/?fondId=1073&zaznamId=1108959&reproId=3780033 | M24: =VLOOKUP(F24,Sheet2!$B$1:$E$19,2,FALSE) -> 1073 | N24: =VLOOKUP(F24,Sheet2!$B$1:$E$19,3,FALSE) -> 1108959 | O24: =IF(G24="Not available","",VLOOKUP(F24,Sheet2!$B$1:$E$19,4,FALSE)+(G24-1)) -> 3780033
A25: Adler | B25: Friederike | C25: 1867-12-14 | D25: Seligmann | E25: HBMa | F25: 2165 | G25: 27 | H25: 24 | I25: 80 | J25: Not available | L25: =IF(G25="Not available","","http://www.badatelna.eu/reprodukce/?fondId="&M25&"&zaznamId="&N25&"&reproId="&O25) -> http://www.badatelna.eu/reprodukce/?fondId=1073&zaznamId=1108952&reproId=3778888 | M25: =VLOOKUP(F25,Sheet2!$B$1:$E$19,2,FALSE) -> 1073 | N25: =VLOOKUP(F25,Sheet2!$B$1:$E$19,3,FALSE) -> 1108952 | O25: =IF(G25="Not available","",VLOOKUP(F25,Sheet2!$B$1:$E$19,4,FALSE)+(G25-1)) -> 3778888
A26: Adler | B26: Hersh | C26: 1794 | D26: Isaias | E26: HBMa | F26: 2173 | G26: 31 | H26: 57 | I26: 90 | J26: 185 | L26: =IF(G26="Not available","","http://www.badatelna.eu/reprodukce/?fondId="&M26&"&zaznamId="&N26&"&reproId="&O26) -> http://www.badatelna.eu/reprodukce/?fondId=1073&zaznamId=1108959&reproId=3780024 | M26: =VLOOKUP(F26,Sheet2!$B$1:$E$19,2,FALSE) -> 1073 | N26: =VLOOKUP(F26,Sheet2!$B$1:$E$19,3,FALSE) -> 1108959 | O26: =IF(G26="Not available","",VLOOKUP(F26,Sheet2!$B$1:$E$19,4,FALSE)+(G26-1)) -> 3780024
A27: Adler | B27: Jakob | C27: 1794 | D27: Juda | E27: HBMa | F27: 2173 | G27: 31 | H27: 57 | I27: 90 | J27: 185 | L27: =IF(G27="Not available","","http://www.badatelna.eu/reprodukce/?fondId="&M27&"&zaznamId="&N27&"&reproId="&O27) -> http://www.badatelna.eu/reprodukce/?fondId=1073&zaznamId=1108959&reproId=3780024 | M27: =VLOOKUP(F27,Sheet2!$B$1:$E$19,2,FALSE) -> 1073 | N27: =VLOOKUP(F27,Sheet2!$B$1:$E$19,3,FALSE) -> 1108959 | O27: =IF(G27="Not available","",VLOOKUP(F27,Sheet2!$B$1:$E$19,4,FALSE)+(G27-1)) -> 3780024
A28: Adler | B28: Jakob | C28: 1836 | D28: David | E28: HBMa | F28: 2174 | G28: 89 | H28: 28-113 | I28: 179 | J28: 179 | L28: =IF(G28="Not available","","http://www.badatelna.eu/reprodukce/?fondId="&M28&"&zaznamId="&N28&"&reproId="&O28) -> http://www.badatelna.eu/reprodukce/?fondId=1073&zaznamId=1108960&reproId=3780313 | M28: =VLOOKUP(F28,Sheet2!$B$1:$E$19,2,FALSE) -> 1073 | N28: =VLOOKUP(F28,Sheet2!$B$1:$E$19,3,FALSE) -> 1108960 | O28: =IF(G28="Not available","",VLOOKUP(F28,Sheet2!$B$1:$E$19,4,FALSE)+(G28-1)) -> 3780313
A29: Adler | B29: Joachim | C29: 1834 | D29: David | E29: HBMa | F29: 2174 | G29: 75 | H29: 14-99 | I29: 179 | J29: 179 | L29: =IF(G29="Not available","","http://www.badatelna.eu/reprodukce/?fondId="&M29&"&zaznamId="&N29&"&reproId="&O29) -> http://www.badatelna.eu/reprodukce/?fondId=1073&zaznamId=1108960&reproId=3780299 | M29: =VLOOKUP(F29,Sheet2!$B$1:$E$19,2,FALSE) -> 1073 | N29: =VLOOKUP(F29,Sheet2!$B$1:$E$19,3,FALSE) -> 1108960 | O29: =IF(G29="Not available","",VLOOKUP(F29,Sheet2!$B$1:$E$19,4,FALSE)+(G29-1)) -> 3780299
A30: Adler | B30: Joseph | C30: 1827 | E30: HBMa | F30: 2173 | G30: 82 | H30: 156 | I30: 90 | J30: 185 | L30: =IF(G30="Not available","","http://www.badatelna.eu/reprodukce/?fondId="&M30&"&zaznamId="&N30&"&reproId="&O30) -> http://www.badatelna.eu/reprodukce/?fondId=1073&zaznamId=1108959&reproId=3780075 | M30: =VLOOKUP(F30,Sheet2!$B$1:$E$19,2,FALSE) -> 1073 | N30: =VLOOKUP(F30,Sheet2!$B$1:$E$19,3,FALSE) -> 1108959 | O30: =IF(G30="Not available","",VLOOKUP(F30,Sheet2!$B$1:$E$19,4,FALSE)+(G30-1)) -> 3780075
A31: Adler | B31: Judith | C31: 1838 | D31: David | E31: HBMa | F31: 2174 | G31: 102 | H31: 41-125 | I31: 179 | J31: 179 | L31: =IF(G31="Not available","","http://www.badatelna.eu/reprodukce/?fondId="&M31&"&zaznamId="&N31&"&reproId="&O31) -> http://www.badatelna.eu/reprodukce/?fondId=1073&zaznamId=1108960&reproId=3780326 | M31: =VLOOKUP(F31,Sheet2!$B$1:$E$19,2,FALSE) -> 1073 | N31: =VLOOKUP(F31,Sheet2!$B$1:$E$19,3,FALSE) -> 1108960 | O31: =IF(G31="Not available","",VLOOKUP(F31,Sheet2!$B$1:$E$19,4,FALSE)+(G31-1)) -> 3780326
A32: Adler | B32: Julius | C32: 1843 | D32: David | E32: HBMa | F32: 2174 | G32: 139 | H32: 78-161 | I32: 179 | J32: 179 | L32: =IF(G32="Not available","","http://www.badatelna.eu/reprodukce/?fondId="&M32&"&zaznamId="&N32&"&reproId="&O32) -> http://www.badatelna.eu/reprodukce/?fondId=1073&zaznamId=1108960&reproId=3780363 | M32: =VLOOKUP(F32,Sheet2!$B$1:$E$19,2,FALSE) -> 1073 | N32: =VLOOKUP(F32,Sheet2!$B$1:$E$19,3,FALSE) -> 1108960 | O32: =IF(G32="Not available","",VLOOKUP(F32,Sheet2!$B$1:$E$19,4,FALSE)+(G32-1)) -> 3780363
A33: Adler | B33: Julius | C33: 1864 | E33: HBM | F33: 999 | G33: 50 | H33: 48 | I33: 62 | J33: 95 | L33: =IF(G33="Not available","","http://www.badatelna.eu/reprodukce/?fondId="&M33&"&zaznamId="&N33&"&reproId="&O33) -> http://www.badatelna.eu/reprodukce/?fondId=241&zaznamId=1133739&reproId=3885779 | M33: =VLOOKUP(F33,Sheet2!$B$1:$E$19,2,FALSE) -> 241 | N33: =VLOOKUP(F33,Sheet2!$B$1:$E$19,3,FALSE) -> 1133739 | O33: =IF(G33="Not available","",VLOOKUP(F33,Sheet2!$B$1:$E$19,4,FALSE)+(G33-1)) -> 3885779
A34: Adler | B34: Lea | C34: 1824 | E34: HBMa | F34: 2173 | G34: 75 | H34: 143 | I34: 90 | J34: 185 | L34: =IF(G34="Not available","","http://www.badatelna.eu/reprodukce/?fondId="&M34&"&zaznamId="&N34&"&reproId="&O34) -> http://www.badatelna.eu/reprodukce/?fondId=1073&zaznamId=1108959&reproId=3780068 | M34: =VLOOKUP(F34,Sheet2!$B$1:$E$19,2,FALSE) -> 1073 | N34: =VLOOKUP(F34,Sheet2!$B$1:$E$19,3,FALSE) -> 1108959 | O34: =IF(G34="Not available","",VLOOKUP(F34,Sheet2!$B$1:$E$19,4,FALSE)+(G34-1)) -> 3780068
A35: Adler | B35: Marie | C35: 1827 | E35: HBMa | F35: 2173 | G35: 78 | H35: 150 | I35: 90 | J35: 185 | L35: =IF(G35="Not available","","http://www.badatelna.eu/reprodukce/?fondId="&M35&"&zaznamId="&N35&"&reproId="&O35) -> http://www.badatelna.eu/reprodukce/?fondId=1073&zaznamId=1108959&reproId=3780071 | M35: =VLOOKUP(F35,Sheet2!$B$1:$E$19,2,FALSE) -> 1073 | N35: =VLOOKUP(F35,Sheet2!$B$1:$E$19,3,FALSE) -> 1108959 | O35: =IF(G35="Not available","",VLOOKUP(F35,Sheet2!$B$1:$E$19,4,FALSE)+(G35-1)) -> 3780071
A36: Adler | B36: Marta | C36: 1921 | D36: Simon/Marie | E36: HBMa | F36: 2176 | G36: Not available | H36: 1-4 | I36: 3 | J36: Not available | L36: =IF(G36="Not available","","http://www.badatelna.eu/reprodukce/?fondId="&M36&"&zaznamId="&N36&"&reproId="&O36) | M36: =VLOOKUP(F36,Sheet2!$B$1:$E$19,2,FALSE) -> 1073 | N36: =VLOOKUP(F36,Sheet2!$B$1:$E$19,3,FALSE) -> 1108963 | O36: =IF(G36="Not available","",VLOOKUP(F36,Sheet2!$B$1:$E$19,4,FALSE)+(G36-1))
A37: Adler | B37: Moric (Moriz) | C37: 1870 | D37: Selig/Berta | E37: HBMa | F37: 2176 | G37: Not available | H37: 5-25 | I37: 3 | J37: Not available | L37: =IF(G37="Not available","","http://www.badatelna.eu/reprodukce/?fondId="&M37&"&zaznamId="&N37&"&reproId="&O37) | M37: =VLOOKUP(F37,Sheet2!$B$1:$E$19,2,FALSE) -> 1073 | N37: =VLOOKUP(F37,Sheet2!$B$1:$E$19,3,FALSE) -> 1108963 | O37: =IF(G37="Not available","",VLOOKUP(F37,Sheet2!$B$1:$E$19,4,FALSE)+(G37-1))
A38: Adler | B38: Moyses | C38: 1796 | D38: Juda | E38: HBMa | F38: 2173 | G38: 34 | H38: 64 | I38: 90 | J38: 185 | L38: =IF(G38="Not available","","http://www.badatelna.eu/reprodukce/?fondId="&M38&"&zaznamId="&N38&"&reproId="&O38) -> http://www.badatelna.eu/reprodukce/?fondId=1073&zaznamId=1108959&reproId=3780027 | M38: =VLOOKUP(F38,Sheet2!$B$1:$E$19,2,FALSE) -> 1073 | N38: =VLOOKUP(F38,Sheet2!$B$1:$E$19,3,FALSE) -> 1108959 | O38: =IF(G38="Not available","",VLOOKUP(F38,Sheet2!$B$1:$E$19,4,FALSE)+(G38-1)) -> 3780027
A39: Adler | B39: Moyses | C39: 1805 | D39: Isaias | E39: HBMa | F39: 2173 | G39: 50 | H39: 94 | I39: 90 | J39: 185 | L39: =IF(G39="Not available","","http://www.badatelna.eu/reprodukce/?fondId="&M39&"&zaznamId="&N39&"&reproId="&O39) -> http://www.badatelna.eu/reprodukce/?fondId=1073&zaznamId=1108959&reproId=3780043 | M39: =VLOOKUP(F39,Sheet2!$B$1:$E$19,2,FALSE) -> 1073 | N39: =VLOOKUP(F39,Sheet2!$B$1:$E$19,3,FALSE) -> 1108959 | O39: =IF(G39="Not available","",VLOOKUP(F39,Sheet2!$B$1:$E$19,4,FALSE)+(G39-1)) -> 3780043
A40: Adler | B40: Rachel | C40: 1808 | E40: HBMa | F40: 2173 | G40: 54 | H40: 102 | I40: 90 | J40: 185 | L40: =IF(G40="Not available","","http://www.badatelna.eu/reprodukce/?fondId="&M40&"&zaznamId="&N40&"&reproId="&O40) -> http://www.badatelna.eu/reprodukce/?fondId=1073&zaznamId=1108959&reproId=3780047 | M40: =VLOOKUP(F40,Sheet2!$B$1:$E$19,2,FALSE) -> 1073 | N40: =VLOOKUP(F40,Sheet2!$B$1:$E$19,3,FALSE) -> 1108959 | O40: =IF(G40="Not available","",VLOOKUP(F40,Sheet2!$B$1:$E$19,4,FALSE)+(G40-1)) -> 3780047
A41: Adler | B41: Rachel | C41: 1821 | E41: HBMa | F41: 2173 | G41: 71 | H41: 135 | I41: 90 | J41: 185 | L41: =IF(G41="Not available","","http://www.badatelna.eu/reprodukce/?fondId="&M41&"&zaznamId="&N41&"&reproId="&O41) -> http://www.badatelna.eu/reprodukce/?fondId=1073&zaznamId=1108959&reproId=3780064 | M41: =VLOOKUP(F41,Sheet2!$B$1:$E$19,2,FALSE) -> 1073 | N41: =VLOOKUP(F41,Sheet2!$B$1:$E$19,3,FALSE) -> 1108959 | O41: =IF(G41="Not available","",VLOOKUP(F41,Sheet2!$B$1:$E$19,4,FALSE)+(G41-1)) -> 3780064
A42: Adler | B42: Rebeka | C42: 1830 | E42: HBMa | F42: 2173 | G42: 86 | H42: 161 | I42: 90 | J42: 185 | L42: =IF(G42="Not available","","http://www.badatelna.eu/reprodukce/?fondId="&M42&"&zaznamId="&N42&"&reproId="&O42) -> http://www.badatelna.eu/reprodukce/?fondId=1073&zaznamId=1108959&reproId=3780079 | M42: =VLOOKUP(F42,Sheet2!$B$1:$E$19,2,FALSE) -> 1073 | N42: =VLOOKUP(F42,Sheet2!$B$1:$E$19,3,FALSE) -> 1108959 | O42: =IF(G42="Not available","",VLOOKUP(F42,Sheet2!$B$1:$E$19,4,FALSE)+(G42-1)) -> 3780079
A43: Adler | B43: Regina | C43: 1852 | D43: David | E43: HBMa | F43: 2164 | G43: 86 | H43: 84 | I43: 122 | J43: Not available | L43: =IF(G43="Not available","","http://www.badatelna.eu/reprodukce/?fondId="&M43&"&zaznamId="&N43&"&reproId="&O43) -> http://www.badatelna.eu/reprodukce/?fondId=1073&zaznamId=1108951&reproId=3778800 | M43: =VLOOKUP(F43,Sheet2!$B$1:$E$19,2,FALSE) -> 1073 | N43: =VLOOKUP(F43,Sheet2!$B$1:$E$19,3,FALSE) -> 1108951 | O43: =IF(G43="Not available","",VLOOKUP(F43,Sheet2!$B$1:$E$19,4,FALSE)+(G43-1)) -> 3778800
A44: Adler | B44: Rudolf | C44: 1866-5-20 | D44: Seligmann | E44: HBMa | F44: 2165 | G44: 35 | H44: 32 | I44: 80 | J44: Not available | L44: =IF(G44="Not available","","http://www.badatelna.eu/reprodukce/?fondId="&M44&"&zaznamId="&N44&"&reproId="&O44) -> http://www.badatelna.eu/reprodukce/?fondId=1073&zaznamId=1108952&reproId=3778896 | M44: =VLOOKUP(F44,Sheet2!$B$1:$E$19,2,FALSE) -> 1073 | N44: =VLOOKUP(F44,Sheet2!$B$1:$E$19,3,FALSE) -> 1108952 | O44: =IF(G44="Not available","",VLOOKUP(F44,Sheet2!$B$1:$E$19,4,FALSE)+(G44-1)) -> 3778896
A45: Adler | B45: Sallomon | C45: 1803 | E45: HBMa | F45: 2173 | G45: 46 | H45: 87 | I45: 90 | J45: 185 | L45: =IF(G45="Not available","","http://www.badatelna.eu/reprodukce/?fondId="&M45&"&zaznamId="&N45&"&reproId="&O45) -> http://www.badatelna.eu/reprodukce/?fondId=1073&zaznamId=1108959&reproId=3780039 | M45: =VLOOKUP(F45,Sheet2!$B$1:$E$19,2,FALSE) -> 1073 | N45: =VLOOKUP(F45,Sheet2!$B$1:$E$19,3,FALSE) -> 1108959 | O45: =IF(G45="Not available","",VLOOKUP(F45,Sheet2!$B$1:$E$19,4,FALSE)+(G45-1)) -> 3780039
A46: Adler | B46: Salomon | C46: 1825 | E46: HBMa | F46: 2173 | G46: 77 | H46: 147 | I46: 90 | J46: 185 | L46: =IF(G46="Not available","","http://www.badatelna.eu/reprodukce/?fondId="&M46&"&zaznamId="&N46&"&reproId="&O46) -> http://www.badatelna.eu/reprodukce/?fondId=1073&zaznamId=1108959&reproId=3780070 | M46: =VLOOKUP(F46,Sheet2!$B$1:$E$19,2,FALSE) -> 1073 | N46: =VLOOKUP(F46,Sheet2!$B$1:$E$19,3,FALSE) -> 1108959 | O46: =IF(G46="Not available","",VLOOKUP(F46,Sheet2!$B$1:$E$19,4,FALSE)+(G46-1)) -> 3780070
A47: Adler | B47: Seligmann | C47: 1840 | D47: David | E47: HBMa | F47: 2174 | G47: 132 | H47: 51-135 | I47: 179 | J47: 179 | L47: =IF(G47="Not available","","http://www.badatelna.eu/reprodukce/?fondId="&M47&"&zaznamId="&N47&"&reproId="&O47) -> http://www.badatelna.eu/reprodukce/?fondId=1073&zaznamId=1108960&reproId=3780356 | M47: =VLOOKUP(F47,Sheet2!$B$1:$E$19,2,FALSE) -> 1073 | N47: =VLOOKUP(F47,Sheet2!$B$1:$E$19,3,FALSE) -> 1108960 | O47: =IF(G47="Not available","",VLOOKUP(F47,Sheet2!$B$1:$E$19,4,FALSE)+(G47-1)) -> 3780356
A48: Apfel | B48: Arnost | C48: 1928 | D48: Irena | E48: HBMa | F48: 2176 | G48: Not available | H48: 1-1 | I48: 3 | J48: Not available | L48: =IF(G48="Not available","","http://www.badatelna.eu/reprodukce/?fondId="&M48&"&zaznamId="&N48&"&reproId="&O48) | M48: =VLOOKUP(F48,Sheet2!$B$1:$E$19,2,FALSE) -> 1073 | N48: =VLOOKUP(F48,Sheet2!$B$1:$E$19,3,FALSE) -> 1108963 | O48: =IF(G48="Not available","",VLOOKUP(F48,Sheet2!$B$1:$E$19,4,FALSE)+(G48-1))
A49: Austerlitz | B49: Berel | C49: 1785 | D49: David/Rosa | E49: HBMa | F49: 2173 | G49: 6 | H49: 7 | I49: 90 | J49: 185 | L49: =IF(G49="Not available","","http://www.badatelna.eu/reprodukce/?fondId="&M49&"&zaznamId="&N49&"&reproId="&O49) -> http://www.badatelna.eu/reprodukce/?fondId=1073&zaznamId=1108959&reproId=3779999 | M49: =VLOOKUP(F49,Sheet2!$B$1:$E$19,2,FALSE) -> 1073 | N49: =VLOOKUP(F49,Sheet2!$B$1:$E$19,3,FALSE) -> 1108959 | O49: =IF(G49="Not available","",VLOOKUP(F49,Sheet2!$B$1:$E$19,4,FALSE)+(G49-1)) -> 3779999
A50: Austerlitz | B50: David | C50: 1819 | D50: Bernath/Pauline | E50: HBMa | F50: 2173 | G50: 69 | H50: 130 | I50: 90 | J50: 185 | L50: =IF(G50="Not available","","http://www.badatelna.eu/reprodukce/?fondId="&M50&"&zaznamId="&N50&"&reproId="&O50) -> http://www.badatelna.eu/reprodukce/?fondId=1073&zaznamId=1108959&reproId=3780062 | M50: =VLOOKUP(F50,Sheet2!$B$1:$E$19,2,FALSE) -> 1073 | N50: =VLOOKUP(F50,Sheet2!$B$1:$E$19,3,FALSE) -> 1108959 | O50: =IF(G50="Not available","",VLOOKUP(F50,Sheet2!$B$1:$E$19,4,FALSE)+(G50-1)) -> 3780062
A51: Austerlitz | B51: Libuscha | C51: 1788 | D51: David/Rosa | E51: HBMa | F51: 2173 | G51: 17 | H51: 29 | I51: 90 | J51: 185 | L51: =IF(G51="Not available","","http://www.badatelna.eu/reprodukce/?fondId="&M51&"&zaznamId="&N51&"&reproId="&O51) -> http://www.badatelna.eu/reprodukce/?fondId=1073&zaznamId=1108959&reproId=3780010 | M51: =VLOOKUP(F51,Sheet2!$B$1:$E$19,2,FALSE) -> 1073 | N51: =VLOOKUP(F51,Sheet2!$B$1:$E$19,3,FALSE) -> 1108959 | O51: =IF(G51="Not available","",VLOOKUP(F51,Sheet2!$B$1:$E$19,4,FALSE)+(G51-1)) -> 3780010
A52: Austerlitz | B52: Mariane | C52: 1817 | D52: Bernath/Pauline | E52: HBMa | F52: 2173 | G52: 66 | H52: 127 | I52: 90 | J52: 185 | L52: =IF(G52="Not available","","http://www.badatelna.eu/reprodukce/?fondId="&M52&"&zaznamId="&N52&"&reproId="&O52) -> http://www.badatelna.eu/reprodukce/?fondId=1073&zaznamId=1108959&reproId=3780059 | M52: =VLOOKUP(F52,Sheet2!$B$1:$E$19,2,FALSE) -> 1073 | N52: =VLOOKUP(F52,Sheet2!$B$1:$E$19,3,FALSE) -> 1108959 | O52: =IF(G52="Not available","",VLOOKUP(F52,Sheet2!$B$1:$E$19,4,FALSE)+(G52-1)) -> 3780059
A53: Austerlitz | B53: Markus | C53: 1822 | D53: Bernath/Pauline | E53: HBMa | F53: 2173 | G53: 73 | H53: 138 | I53: 90 | J53: 185 | L53: =IF(G53="Not available","","http://www.badatelna.eu/reprodukce/?fondId="&M53&"&zaznamId="&N53&"&reproId="&O53) -> http://www.badatelna.eu/reprodukce/?fondId=1073&zaznamId=1108959&reproId=3780066 | M53: =VLOOKUP(F53,Sheet2!$B$1:$E$19,2,FALSE) -> 1073 | N53: =VLOOKUP(F53,Sheet2!$B$1:$E$19,3,FALSE) -> 1108959 | O53: =IF(G53="Not available","",VLOOKUP(F53,Sheet2!$B$1:$E$19,4,FALSE)+(G53-1)) -> 3780066
A54: Austerlitz | B54: Rebeka | C54: 1793 | D54: DavidRösl | E54: HBMa | F54: 2173 | G54: 29 | H54: 53 | I54: 90 | J54: 185 | L54: =IF(G54="Not available","","http://www.badatelna.eu/reprodukce/?fondId="&M54&"&zaznamId="&N54&"&reproId="&O54) -> http://www.badatelna.eu/reprodukce/?fondId=1073&zaznamId=1108959&reproId=3780022 | M54: =VLOOKUP(F54,Sheet2!$B$1:$E$19,2,FALSE) -> 1073 | N54: =VLOOKUP(F54,Sheet2!$B$1:$E$19,3,FALSE) -> 1108959 | O54: =IF(G54="Not available","",VLOOKUP(F54,Sheet2!$B$1:$E$19,4,FALSE)+(G54-1)) -> 3780022
A55: Austerlitz | B55: Samuel | C55: 1860 | E55: HBM | F55: 999 | G55: 22 | H55: 20 | I55: 62 | J55: 95 | L55: =IF(G55="Not available","","http://www.badatelna.eu/reprodukce/?fondId="&M55&"&zaznamId="&N55&"&reproId="&O55) -> http://www.badatelna.eu/reprodukce/?fondId=241&zaznamId=1133739&reproId=3885751 | M55: =VLOOKUP(F55,Sheet2!$B$1:$E$19,2,FALSE) -> 241 | N55: =VLOOKUP(F55,Sheet2!$B$1:$E$19,3,FALSE) -> 1133739 | O55: =IF(G55="Not available","",VLOOKUP(F55,Sheet2!$B$1:$E$19,4,FALSE)+(G55-1)) -> 3885751
A56: Austerlitz | B56: Sara | C56: 1825 | D56: Bernath | E56: HBMa | F56: 2173 | G56: 77 | H56: 146 | I56: 90 | J56: 185 | L56: =IF(G56="Not available","","http://www.badatelna.eu/reprodukce/?fondId="&M56&"&zaznamId="&N56&"&reproId="&O56) -> http://www.badatelna.eu/reprodukce/?fondId=1073&zaznamId=1108959&reproId=3780070 | M56: =VLOOKUP(F56,Sheet2!$B$1:$E$19,2,FALSE) -> 1073 | N56: =VLOOKUP(F56,Sheet2!$B$1:$E$19,3,FALSE) -> 1108959 | O56: =IF(G56="Not available","",VLOOKUP(F56,Sheet2!$B$1:$E$19,4,FALSE)+(G56-1)) -> 3780070
A57: Austerlitz | B57: Sarra | C57: 1796 | D57: David | E57: HBMa | F57: 2173 | G57: 34 | H57: 63 | I57: 90 | J57: 185 | L57: =IF(G57="Not available","","http://www.badatelna.eu/reprodukce/?fondId="&M57&"&zaznamId="&N57&"&reproId="&O57) -> http://www.badatelna.eu/reprodukce/?fondId=1073&zaznamId=1108959&reproId=3780027 | M57: =VLOOKUP(F57,Sheet2!$B$1:$E$19,2,FALSE) -> 1073 | N57: =VLOOKUP(F57,Sheet2!$B$1:$E$19,3,FALSE) -> 1108959 | O57: =IF(G57="Not available","",VLOOKUP(F57,Sheet2!$B$1:$E$19,4,FALSE)+(G57-1)) -> 3780027
A58: Austerlitz | B58: Selligman | C58: 1790 | D58: David | E58: HBMa | F58: 2173 | G58: 23 | H58: 41 | I58: 90 | J58: 185 | L58: =IF(G58="Not available","","http://www.badatelna.eu/reprodukce/?fondId="&M58&"&zaznamId="&N58&"&reproId="&O58) -> http://www.badatelna.eu/reprodukce/?fondId=1073&zaznamId=1108959&reproId=3780016 | M58: =VLOOKUP(F58,Sheet2!$B$1:$E$19,2,FALSE) -> 1073 | N58: =VLOOKUP(F58,Sheet2!$B$1:$E$19,3,FALSE) -> 1108959 | O58: =IF(G58="Not available","",VLOOKUP(F58,Sheet2!$B$1:$E$19,4,FALSE)+(G58-1)) -> 3780016
A59: Austerlitz | B59: Sophie | C59: 1855 | D59: David | E59: HBMa | F59: 2164 | G59: 103 | H59: 101 | I59: 122 | J59: Not available | L59: =IF(G59="Not available","","http://www.badatelna.eu/reprodukce/?fondId="&M59&"&zaznamId="&N59&"&reproId="&O59) -> http://www.badatelna.eu/reprodukce/?fondId=1073&zaznamId=1108951&reproId=3778817 | M59: =VLOOKUP(F59,Sheet2!$B$1:$E$19,2,FALSE) -> 1073 | N59: =VLOOKUP(F59,Sheet2!$B$1:$E$19,3,FALSE) -> 1108951 | O59: =IF(G59="Not available","",VLOOKUP(F59,Sheet2!$B$1:$E$19,4,FALSE)+(G59-1)) -> 3778817
A60: Bachrach | B60: Bernard Löb | C60: 1802 | D60: Emanuel | E60: HBMa | F60: 2173 | G60: 45 | H60: 84 | I60: 92 | J60: 190 | L60: =IF(G60="Not available","","http://www.badatelna.eu/reprodukce/?fondId="&M60&"&zaznamId="&N60&"&reproId="&O60) -> http://www.badatelna.eu/reprodukce/?fondId=1073&zaznamId=1108959&reproId=3780038 | M60: =VLOOKUP(F60,Sheet2!$B$1:$E$19,2,FALSE) -> 1073 | N60: =VLOOKUP(F60,Sheet2!$B$1:$E$19,3,FALSE) -> 1108959 | O60: =IF(G60="Not available","",VLOOKUP(F60,Sheet2!$B$1:$E$19,4,FALSE)+(G60-1)) -> 3780038
A61: Bachrach | B61: Albert | C61: 1850 | D61: Baruch | E61: HBMa | F61: 2164 | G61: 73 | H61: 71 | I61: 123 | J61: Not available | L61: =IF(G61="Not available","","http://www.badatelna.eu/reprodukce/?fondId="&M61&"&zaznamId="&N61&"&reproId="&O61) -> http://www.badatelna.eu/reprodukce/?fondId=1073&zaznamId=1108951&reproId=3778787 | M61: =VLOOKUP(F61,Sheet2!$B$1:$E$19,2,FALSE) -> 1073 | N61: =VLOOKUP(F61,Sheet2!$B$1:$E$19,3,FALSE) -> 1108951 | O61: =IF(G61="Not available","",VLOOKUP(F61,Sheet2!$B$1:$E$19,4,FALSE)+(G61-1)) -> 3778787
A62: Bachrach | B62: Amalia | C62: 1848 | D62: Beer Löw | E62: HBMa | F62: 2164 | G62: 20 | H62: 18 | I62: 123 | J62: Not available | L62: =IF(G62="Not available","","http://www.badatelna.eu/reprodukce/?fondId="&M62&"&zaznamId="&N62&"&reproId="&O62) -> http://www.badatelna.eu/reprodukce/?fondId=1073&zaznamId=1108951&reproId=3778734 | M62: =VLOOKUP(F62,Sheet2!$B$1:$E$19,2,FALSE) -> 1073 | N62: =VLOOKUP(F62,Sheet2!$B$1:$E$19,3,FALSE) -> 1108951 | O62: =IF(G62="Not available","",VLOOKUP(F62,Sheet2!$B$1:$E$19,4,FALSE)+(G62-1)) -> 3778734
A63: Bachrach | B63: Arnost | C63: 1887 | D63: Eduard/Hermina | E63: HBMa | F63: 2176 | G63: Not available | H63: 2-18 | I63: 5 | J63: Not available | L63: =IF(G63="Not available","","http://www.badatelna.eu/reprodukce/?fondId="&M63&"&zaznamId="&N63&"&reproId="&O63) | M63: =VLOOKUP(F63,Sheet2!$B$1:$E$19,2,FALSE) -> 1073 | N63: =VLOOKUP(F63,Sheet2!$B$1:$E$19,3,FALSE) -> 1108963 | O63: =IF(G63="Not available","",VLOOKUP(F63,Sheet2!$B$1:$E$19,4,FALSE)+(G63-1))
A64: Bachrach | B64: Baruch | C64: 1784 | D64: Moses | E64: HBMa | F64: 2173 | G64: 3 | H64: 1 | I64: 91 | J64: 189 | L64: =IF(G64="Not available","","http://www.badatelna.eu/reprodukce/?fondId="&M64&"&zaznamId="&N64&"&reproId="&O64) -> http://www.badatelna.eu/reprodukce/?fondId=1073&zaznamId=1108959&reproId=3779996 | M64: =VLOOKUP(F64,Sheet2!$B$1:$E$19,2,FALSE) -> 1073 | N64: =VLOOKUP(F64,Sheet2!$B$1:$E$19,3,FALSE) -> 1108959 | O64: =IF(G64="Not available","",VLOOKUP(F64,Sheet2!$B$1:$E$19,4,FALSE)+(G64-1)) -> 3779996
A65: Bachrach | B65: Baruch | C65: 1804 | D65: Emanuel | E65: HBMa | F65: 2173 | G65: 48 | H65: 90 | I65: 92 | J65: 190 | L65: =IF(G65="Not available","","http://www.badatelna.eu/reprodukce/?fondId="&M65&"&zaznamId="&N65&"&reproId="&O65) -> http://www.badatelna.eu/reprodukce/?fondId=1073&zaznamId=1108959&reproId=3780041 | M65: =VLOOKUP(F65,Sheet2!$B$1:$E$19,2,FALSE) -> 1073 | N65: =VLOOKUP(F65,Sheet2!$B$1:$E$19,3,FALSE) -> 1108959 | O65: =IF(G65="Not available","",VLOOKUP(F65,Sheet2!$B$1:$E$19,4,FALSE)+(G65-1)) -> 3780041
A66: Bachrach | B66: Bertold Leo | C66: 1878 | D66: Eduard/Hermina | E66: HBMa | F66: 2176 | G66: Not available | H66: 2-12 | I66: 4 | J66: Not available | L66: =IF(G66="Not available","","http://www.badatelna.eu/reprodukce/?fondId="&M66&"&zaznamId="&N66&"&reproId="&O66) | M66: =VLOOKUP(F66,Sheet2!$B$1:$E$19,2,FALSE) -> 1073 | N66: =VLOOKUP(F66,Sheet2!$B$1:$E$19,3,FALSE) -> 1108963 | O66: =IF(G66="Not available","",VLOOKUP(F66,Sheet2!$B$1:$E$19,4,FALSE)+(G66-1))
A67: Bachrach | B67: Betty | C67: 1840 | D67: Bernard Löw | E67: HBMa | F67: 2174 | G67: 111 | H67: 50-134 | I67: 181 | J67: 205 | L67: =IF(G67="Not available","","http://www.badatelna.eu/reprodukce/?fondId="&M67&"&zaznamId="&N67&"&reproId="&O67) -> http://www.badatelna.eu/reprodukce/?fondId=1073&zaznamId=1108960&reproId=3780335 | M67: =VLOOKUP(F67,Sheet2!$B$1:$E$19,2,FALSE) -> 1073 | N67: =VLOOKUP(F67,Sheet2!$B$1:$E$19,3,FALSE) -> 1108960 | O67: =IF(G67="Not available","",VLOOKUP(F67,Sheet2!$B$1:$E$19,4,FALSE)+(G67-1)) -> 3780335
A68: Bachrach | B68: Carl | C68: 1850 | D68: Beer Löw | E68: HBMa | F68: 2164 | G68: 75 | H68: 73 | I68: 123 | J68: Not available | L68: =IF(G68="Not available","","http://www.badatelna.eu/reprodukce/?fondId="&M68&"&zaznamId="&N68&"&reproId="&O68) -> http://www.badatelna.eu/reprodukce/?fondId=1073&zaznamId=1108951&reproId=3778789 | M68: =VLOOKUP(F68,Sheet2!$B$1:$E$19,2,FALSE) -> 1073 | N68: =VLOOKUP(F68,Sheet2!$B$1:$E$19,3,FALSE) -> 1108951 | O68: =IF(G68="Not available","",VLOOKUP(F68,Sheet2!$B$1:$E$19,4,FALSE)+(G68-1)) -> 3778789
A69: Bachrach | B69: Carl | C69: 1854 | D69: Baruch | E69: HBMa | F69: 2164 | G69: 95 | H69: 93 | I69: 123 | J69: Not available | L69: =IF(G69="Not available","","http://www.badatelna.eu/reprodukce/?fondId="&M69&"&zaznamId="&N69&"&reproId="&O69) -> http://www.badatelna.eu/reprodukce/?fondId=1073&zaznamId=1108951&reproId=3778809 | M69: =VLOOKUP(F69,Sheet2!$B$1:$E$19,2,FALSE) -> 1073 | N69: =VLOOKUP(F69,Sheet2!$B$1:$E$19,3,FALSE) -> 1108951 | O69: =IF(G69="Not available","",VLOOKUP(F69,Sheet2!$B$1:$E$19,4,FALSE)+(G69-1)) -> 3778809
A70: Bachrach | B70: Carolina | C70: 1837 | D70: Bernard | E70: HBMa | F70: 2174 | G70: 92 | H70: 31-115 | I70: 181 | J70: 205 | L70: =IF(G70="Not available","","http://www.badatelna.eu/reprodukce/?fondId="&M70&"&zaznamId="&N70&"&reproId="&O70) -> http://www.badatelna.eu/reprodukce/?fondId=1073&zaznamId=1108960&reproId=3780316 | M70: =VLOOKUP(F70,Sheet2!$B$1:$E$19,2,FALSE) -> 1073 | N70: =VLOOKUP(F70,Sheet2!$B$1:$E$19,3,FALSE) -> 1108960 | O70: =IF(G70="Not available","",VLOOKUP(F70,Sheet2!$B$1:$E$19,4,FALSE)+(G70-1)) -> 3780316
A71: Bachrach | B71: Charlota | C71: 1879 | D71: Eduard/Hermina | E71: HBMa | F71: 2176 | G71: Not available | H71: 2-13 | I71: 4 | J71: Not available | L71: =IF(G71="Not available","","http://www.badatelna.eu/reprodukce/?fondId="&M71&"&zaznamId="&N71&"&reproId="&O71) | M71: =VLOOKUP(F71,Sheet2!$B$1:$E$19,2,FALSE) -> 1073 | N71: =VLOOKUP(F71,Sheet2!$B$1:$E$19,3,FALSE) -> 1108963 | O71: =IF(G71="Not available","",VLOOKUP(F71,Sheet2!$B$1:$E$19,4,FALSE)+(G71-1))
A72: Bachrach | B72: Charlotte | C72: 1829 | D72: Samuel | E72: HBMa | F72: 2173 | G72: 82 | H72: 157 | I72: 93 | J72: 194 | L72: =IF(G72="Not available","","http://www.badatelna.eu/reprodukce/?fondId="&M72&"&zaznamId="&N72&"&reproId="&O72) -> http://www.badatelna.eu/reprodukce/?fondId=1073&zaznamId=1108959&reproId=3780075 | M72: =VLOOKUP(F72,Sheet2!$B$1:$E$19,2,FALSE) -> 1073 | N72: =VLOOKUP(F72,Sheet2!$B$1:$E$19,3,FALSE) -> 1108959 | O72: =IF(G72="Not available","",VLOOKUP(F72,Sheet2!$B$1:$E$19,4,FALSE)+(G72-1)) -> 3780075
A73: Bachrach | B73: Charlotty | C73: 1841 | D73: Bernard Löw | E73: HBMa | F73: 2174 | G73: 120 | H73: 59-142 | I73: 181 | J73: 205 | L73: =IF(G73="Not available","","http://www.badatelna.eu/reprodukce/?fondId="&M73&"&zaznamId="&N73&"&reproId="&O73) -> http://www.badatelna.eu/reprodukce/?fondId=1073&zaznamId=1108960&reproId=3780344 | M73: =VLOOKUP(F73,Sheet2!$B$1:$E$19,2,FALSE) -> 1073 | N73: =VLOOKUP(F73,Sheet2!$B$1:$E$19,3,FALSE) -> 1108960 | O73: =IF(G73="Not available","",VLOOKUP(F73,Sheet2!$B$1:$E$19,4,FALSE)+(G73-1)) -> 3780344
A74: Bachrach | B74: Eduard | C74: 1839 | D74: Baruch | E74: HBMa | F74: 2174 | G74: 108 | H74: 47-131 | I74: 181 | J74: 205 | L74: =IF(G74="Not available","","http://www.badatelna.eu/reprodukce/?fondId="&M74&"&zaznamId="&N74&"&reproId="&O74) -> http://www.badatelna.eu/reprodukce/?fondId=1073&zaznamId=1108960&reproId=3780332 | M74: =VLOOKUP(F74,Sheet2!$B$1:$E$19,2,FALSE) -> 1073 | N74: =VLOOKUP(F74,Sheet2!$B$1:$E$19,3,FALSE) -> 1108960 | O74: =IF(G74="Not available","",VLOOKUP(F74,Sheet2!$B$1:$E$19,4,FALSE)+(G74-1)) -> 3780332
A75: Bachrach | B75: Eduard | C75: 1846 | D75: Beer Löw | E75: HBMa | F75: 2174 | G75: 171 | H75: 105-188 | I75: 181 | J75: 206 | L75: =IF(G75="Not available","","http://www.badatelna.eu/reprodukce/?fondId="&M75&"&zaznamId="&N75&"&reproId="&O75) -> http://www.badatelna.eu/reprodukce/?fondId=1073&zaznamId=1108960&reproId=3780395 | M75: =VLOOKUP(F75,Sheet2!$B$1:$E$19,2,FALSE) -> 1073 | N75: =VLOOKUP(F75,Sheet2!$B$1:$E$19,3,FALSE) -> 1108960 | O75: =IF(G75="Not available","",VLOOKUP(F75,Sheet2!$B$1:$E$19,4,FALSE)+(G75-1)) -> 3780395
A76: Bachrach | B76: Emanuel | C76: 1838 | D76: Baruch | E76: HBMa | F76: 2174 | G76: 98 | H76: 37-121 | I76: 181 | J76: 205 | L76: =IF(G76="Not available","","http://www.badatelna.eu/reprodukce/?fondId="&M76&"&zaznamId="&N76&"&reproId="&O76) -> http://www.badatelna.eu/reprodukce/?fondId=1073&zaznamId=1108960&reproId=3780322 | M76: =VLOOKUP(F76,Sheet2!$B$1:$E$19,2,FALSE) -> 1073 | N76: =VLOOKUP(F76,Sheet2!$B$1:$E$19,3,FALSE) -> 1108960 | O76: =IF(G76="Not available","",VLOOKUP(F76,Sheet2!$B$1:$E$19,4,FALSE)+(G76-1)) -> 3780322
A77: Bachrach | B77: Emanuel | C77: 1839 | D77: Bernard Löw | E77: HBMa | F77: 2174 | G77: 106 | H77: 44-128 | I77: 181 | J77: 205 | L77: =IF(G77="Not available","","http://www.badatelna.eu/reprodukce/?fondId="&M77&"&zaznamId="&N77&"&reproId="&O77) -> http://www.badatelna.eu/reprodukce/?fondId=1073&zaznamId=1108960&reproId=3780330 | M77: =VLOOKUP(F77,Sheet2!$B$1:$E$19,2,FALSE) -> 1073 | N77: =VLOOKUP(F77,Sheet2!$B$1:$E$19,3,FALSE) -> 1108960 | O77: =IF(G77="Not available","",VLOOKUP(F77,Sheet2!$B$1:$E$19,4,FALSE)+(G77-1)) -> 3780330
A78: Bachrach | B78: Emanuel | C78: 1855 | D78: Beer Löw | E78: HBMa | F78: 2164 | G78: 107 | H78: 105 | I78: 123 | J78: Not available | L78: =IF(G78="Not available","","http://www.badatelna.eu/reprodukce/?fondId="&M78&"&zaznamId="&N78&"&reproId="&O78) -> http://www.badatelna.eu/reprodukce/?fondId=1073&zaznamId=1108951&reproId=3778821 | M78: =VLOOKUP(F78,Sheet2!$B$1:$E$19,2,FALSE) -> 1073 | N78: =VLOOKUP(F78,Sheet2!$B$1:$E$19,3,FALSE) -> 1108951 | O78: =IF(G78="Not available","",VLOOKUP(F78,Sheet2!$B$1:$E$19,4,FALSE)+(G78-1)) -> 3778821
A79: Bachrach | B79: Ernst | C79: 1887 | D79: Eduard | E79: HBMa | F79: 2165 | G79: 213 | H79: 2 | I79: 215 | J79: 191 | L79: =IF(G79="Not available","","http://www.badatelna.eu/reprodukce/?fondId="&M79&"&zaznamId="&N79&"&reproId="&O79) -> http://www.badatelna.eu/reprodukce/?fondId=1073&zaznamId=1108952&reproId=3779074 | M79: =VLOOKUP(F79,Sheet2!$B$1:$E$19,2,FALSE) -> 1073 | N79: =VLOOKUP(F79,Sheet2!$B$1:$E$19,3,FALSE) -> 1108952 | O79: =IF(G79="Not available","",VLOOKUP(F79,Sheet2!$B$1:$E$19,4,FALSE)+(G79-1)) -> 3779074
A80: Bachrach | B80: Ester | C80: 1792 | D80: Moses | E80: HBMa | F80: 2173 | G80: 27 | H80: 48 | I80: 91 | J80: 189 | L80: =IF(G80="Not available","","http://www.badatelna.eu/reprodukce/?fondId="&M80&"&zaznamId="&N80&"&reproId="&O80) -> http://www.badatelna.eu/reprodukce/?fondId=1073&zaznamId=1108959&reproId=3780020 | M80: =VLOOKUP(F80,Sheet2!$B$1:$E$19,2,FALSE) -> 1073 | N80: =VLOOKUP(F80,Sheet2!$B$1:$E$19,3,FALSE) -> 1108959 | O80: =IF(G80="Not available","",VLOOKUP(F80,Sheet2!$B$1:$E$19,4,FALSE)+(G80-1)) -> 3780020
A81: Bachrach | B81: Ewa | C81: 1820 | D81: Bernath | E81: HBMa | F81: 2173 | G81: 70 | H81: 133 | I81: 93 | J81: 194 | L81: =IF(G81="Not available","","http://www.badatelna.eu/reprodukce/?fondId="&M81&"&zaznamId="&N81&"&reproId="&O81) -> http://www.badatelna.eu/reprodukce/?fondId=1073&zaznamId=1108959&reproId=3780063 | M81: =VLOOKUP(F81,Sheet2!$B$1:$E$19,2,FALSE) -> 1073 | N81: =VLOOKUP(F81,Sheet2!$B$1:$E$19,3,FALSE) -> 1108959 | O81: =IF(G81="Not available","",VLOOKUP(F81,Sheet2!$B$1:$E$19,4,FALSE)+(G81-1)) -> 3780063
A82: Bachrach | B82: Hanny | C82: 1844 | D82: Beer Löw | E82: HBMa | F82: 2174 | G82: 148 | H82: 87-170 | I82: 181 | J82: 205 | L82: =IF(G82="Not available","","http://www.badatelna.eu/reprodukce/?fondId="&M82&"&zaznamId="&N82&"&reproId="&O82) -> http://www.badatelna.eu/reprodukce/?fondId=1073&zaznamId=1108960&reproId=3780372 | M82: =VLOOKUP(F82,Sheet2!$B$1:$E$19,2,FALSE) -> 1073 | N82: =VLOOKUP(F82,Sheet2!$B$1:$E$19,3,FALSE) -> 1108960 | O82: =IF(G82="Not available","",VLOOKUP(F82,Sheet2!$B$1:$E$19,4,FALSE)+(G82-1)) -> 3780372
A83: Bachrach | B83: Hugo | C83: 1882 | D83: Eduard | E83: HBMa | F83: 2165 | G83: 180 | H83: 4 | I83: 182 | J83: 159 | L83: =IF(G83="Not available","","http://www.badatelna.eu/reprodukce/?fondId="&M83&"&zaznamId="&N83&"&reproId="&O83) -> http://www.badatelna.eu/reprodukce/?fondId=1073&zaznamId=1108952&reproId=3779041 | M83: =VLOOKUP(F83,Sheet2!$B$1:$E$19,2,FALSE) -> 1073 | N83: =VLOOKUP(F83,Sheet2!$B$1:$E$19,3,FALSE) -> 1108952 | O83: =IF(G83="Not available","",VLOOKUP(F83,Sheet2!$B$1:$E$19,4,FALSE)+(G83-1)) -> 3779041
A84: Bachrach | B84: Hugo | C84: 1882 | D84: Eduard/Hermilia | E84: HBMa | F84: 2176 | G84: Not available | H84: 4-26 | I84: 5 | J84: 159 | L84: =IF(G84="Not available","","http://www.badatelna.eu/reprodukce/?fondId="&M84&"&zaznamId="&N84&"&reproId="&O84) | M84: =VLOOKUP(F84,Sheet2!$B$1:$E$19,2,FALSE) -> 1073 | N84: =VLOOKUP(F84,Sheet2!$B$1:$E$19,3,FALSE) -> 1108963 | O84: =IF(G84="Not available","",VLOOKUP(F84,Sheet2!$B$1:$E$19,4,FALSE)+(G84-1))
A85: Bachrach | B85: Isaias | C85: 1814 | D85: Bernath | E85: HBMa | F85: 2173 | G85: 62 | H85: 118 | I85: 92 | J85: 190 | L85: =IF(G85="Not available","","http://www.badatelna.eu/reprodukce/?fondId="&M85&"&zaznamId="&N85&"&reproId="&O85) -> http://www.badatelna.eu/reprodukce/?fondId=1073&zaznamId=1108959&reproId=3780055 | M85: =VLOOKUP(F85,Sheet2!$B$1:$E$19,2,FALSE) -> 1073 | N85: =VLOOKUP(F85,Sheet2!$B$1:$E$19,3,FALSE) -> 1108959 | O85: =IF(G85="Not available","",VLOOKUP(F85,Sheet2!$B$1:$E$19,4,FALSE)+(G85-1)) -> 3780055
A86: Bachrach | B86: Jakob | C86: 1810 | D86: Bernath | E86: HBMa | F86: 2173 | G86: 56 | H86: 106 | I86: 92 | J86: 190 | L86: =IF(G86="Not available","","http://www.badatelna.eu/reprodukce/?fondId="&M86&"&zaznamId="&N86&"&reproId="&O86) -> http://www.badatelna.eu/reprodukce/?fondId=1073&zaznamId=1108959&reproId=3780049 | M86: =VLOOKUP(F86,Sheet2!$B$1:$E$19,2,FALSE) -> 1073 | N86: =VLOOKUP(F86,Sheet2!$B$1:$E$19,3,FALSE) -> 1108959 | O86: =IF(G86="Not available","",VLOOKUP(F86,Sheet2!$B$1:$E$19,4,FALSE)+(G86-1)) -> 3780049
A87: Bachrach | B87: Julius | C87: 1849 | D87: Beer Löw | E87: HBMa | F87: 2164 | G87: 58 | H87: 56 | I87: 123 | J87: Not available | L87: =IF(G87="Not available","","http://www.badatelna.eu/reprodukce/?fondId="&M87&"&zaznamId="&N87&"&reproId="&O87) -> http://www.badatelna.eu/reprodukce/?fondId=1073&zaznamId=1108951&reproId=3778772 | M87: =VLOOKUP(F87,Sheet2!$B$1:$E$19,2,FALSE) -> 1073 | N87: =VLOOKUP(F87,Sheet2!$B$1:$E$19,3,FALSE) -> 1108951 | O87: =IF(G87="Not available","",VLOOKUP(F87,Sheet2!$B$1:$E$19,4,FALSE)+(G87-1)) -> 3778772
A88: Bachrach | B88: July | C88: 1849 | D88: Baruch | E88: HBMa | F88: 2164 | G88: 47 | H88: 45 | I88: 123 | J88: Not available | L88: =IF(G88="Not available","","http://www.badatelna.eu/reprodukce/?fondId="&M88&"&zaznamId="&N88&"&reproId="&O88) -> http://www.badatelna.eu/reprodukce/?fondId=1073&zaznamId=1108951&reproId=3778761 | M88: =VLOOKUP(F88,Sheet2!$B$1:$E$19,2,FALSE) -> 1073 | N88: =VLOOKUP(F88,Sheet2!$B$1:$E$19,3,FALSE) -> 1108951 | O88: =IF(G88="Not available","",VLOOKUP(F88,Sheet2!$B$1:$E$19,4,FALSE)+(G88-1)) -> 3778761
A89: Bachrach | B89: Leopoldine | C89: 1845 | D89: Baruch | E89: HBMa | F89: 2174 | G89: 161 | H89: 100-183 | I89: 181 | J89: 205 | L89: =IF(G89="Not available","","http://www.badatelna.eu/reprodukce/?fondId="&M89&"&zaznamId="&N89&"&reproId="&O89) -> http://www.badatelna.eu/reprodukce/?fondId=1073&zaznamId=1108960&reproId=3780385 | M89: =VLOOKUP(F89,Sheet2!$B$1:$E$19,2,FALSE) -> 1073 | N89: =VLOOKUP(F89,Sheet2!$B$1:$E$19,3,FALSE) -> 1108960 | O89: =IF(G89="Not available","",VLOOKUP(F89,Sheet2!$B$1:$E$19,4,FALSE)+(G89-1)) -> 3780385
A90: Bachrach | B90: Mariany | C90: 1815 | D90: Bernath | E90: HBMa | F90: 2173 | G90: 65 | H90: 124 | I90: 92 | J90: 190 | L90: =IF(G90="Not available","","http://www.badatelna.eu/reprodukce/?fondId="&M90&"&zaznamId="&N90&"&reproId="&O90) -> http://www.badatelna.eu/reprodukce/?fondId=1073&zaznamId=1108959&reproId=3780058 | M90: =VLOOKUP(F90,Sheet2!$B$1:$E$19,2,FALSE) -> 1073 | N90: =VLOOKUP(F90,Sheet2!$B$1:$E$19,3,FALSE) -> 1108959 | O90: =IF(G90="Not available","",VLOOKUP(F90,Sheet2!$B$1:$E$19,4,FALSE)+(G90-1)) -> 3780058
A91: Bachrach | B91: Mina | C91: 1835 | D91: Bernard L. | E91: HBMa | F91: 2174 | G91: 83 | H91: 22-107 | I91: 180 | J91: 204 | L91: =IF(G91="Not available","","http://www.badatelna.eu/reprodukce/?fondId="&M91&"&zaznamId="&N91&"&reproId="&O91) -> http://www.badatelna.eu/reprodukce/?fondId=1073&zaznamId=1108960&reproId=3780307 | M91: =VLOOKUP(F91,Sheet2!$B$1:$E$19,2,FALSE) -> 1073 | N91: =VLOOKUP(F91,Sheet2!$B$1:$E$19,3,FALSE) -> 1108960 | O91: =IF(G91="Not available","",VLOOKUP(F91,Sheet2!$B$1:$E$19,4,FALSE)+(G91-1)) -> 3780307
A92: Bachrach | B92: Paulina | C92: 1818 | D92: Bernath | E92: HBMa | F92: 2173 | G92: 67 | H92: 127b | I92: 93 | J92: 194 | L92: =IF(G92="Not available","","http://www.badatelna.eu/reprodukce/?fondId="&M92&"&zaznamId="&N92&"&reproId="&O92) -> http://www.badatelna.eu/reprodukce/?fondId=1073&zaznamId=1108959&reproId=3780060 | M92: =VLOOKUP(F92,Sheet2!$B$1:$E$19,2,FALSE) -> 1073 | N92: =VLOOKUP(F92,Sheet2!$B$1:$E$19,3,FALSE) -> 1108959 | O92: =IF(G92="Not available","",VLOOKUP(F92,Sheet2!$B$1:$E$19,4,FALSE)+(G92-1)) -> 3780060
A93: Bachrach | B93: Paulina | C93: 1843 | D93: Baruch | E93: HBMa | F93: 2174 | G93: 136 | H93: 75-158 | I93: 181 | J93: 205 | L93: =IF(G93="Not available","","http://www.badatelna.eu/reprodukce/?fondId="&M93&"&zaznamId="&N93&"&reproId="&O93) -> http://www.badatelna.eu/reprodukce/?fondId=1073&zaznamId=1108960&reproId=3780360 | M93: =VLOOKUP(F93,Sheet2!$B$1:$E$19,2,FALSE) -> 1073 | N93: =VLOOKUP(F93,Sheet2!$B$1:$E$19,3,FALSE) -> 1108960 | O93: =IF(G93="Not available","",VLOOKUP(F93,Sheet2!$B$1:$E$19,4,FALSE)+(G93-1)) -> 3780360
A94: Bachrach | B94: Rosalia/Betty | C94: 1834 | D94: Samuel | E94: HBMa | F94: 2174 | G94: 76 | H94: 15-100 | I94: 180 | J94: 204 | L94: =IF(G94="Not available","","http://www.badatelna.eu/reprodukce/?fondId="&M94&"&zaznamId="&N94&"&reproId="&O94) -> http://www.badatelna.eu/reprodukce/?fondId=1073&zaznamId=1108960&reproId=3780300 | M94: =VLOOKUP(F94,Sheet2!$B$1:$E$19,2,FALSE) -> 1073 | N94: =VLOOKUP(F94,Sheet2!$B$1:$E$19,3,FALSE) -> 1108960 | O94: =IF(G94="Not available","",VLOOKUP(F94,Sheet2!$B$1:$E$19,4,FALSE)+(G94-1)) -> 3780300
A95: Bachrach | B95: Rudolf | C95: 1885 | D95: Eduard | E95: HBMa | F95: 2165 | G95: 199 | H95: 1 | I95: 204 | J95: 187 | L95: =IF(G95="Not available","","http://www.badatelna.eu/reprodukce/?fondId="&M95&"&zaznamId="&N95&"&reproId="&O95) -> http://www.badatelna.eu/reprodukce/?fondId=1073&zaznamId=1108952&reproId=3779060 | M95: =VLOOKUP(F95,Sheet2!$B$1:$E$19,2,FALSE) -> 1073 | N95: =VLOOKUP(F95,Sheet2!$B$1:$E$19,3,FALSE) -> 1108952 | O95: =IF(G95="Not available","",VLOOKUP(F95,Sheet2!$B$1:$E$19,4,FALSE)+(G95-1)) -> 3779060
A96: Bachrach | B96: Rudolf | C96: 1885 | D96: Eduard/Hermina | E96: HBMa | F96: 2176 | G96: Not available | H96: 1-1 | I96: 5 | J96: Not available | L96: =IF(G96="Not available","","http://www.badatelna.eu/reprodukce/?fondId="&M96&"&zaznamId="&N96&"&reproId="&O96) | M96: =VLOOKUP(F96,Sheet2!$B$1:$E$19,2,FALSE) -> 1073 | N96: =VLOOKUP(F96,Sheet2!$B$1:$E$19,3,FALSE) -> 1108963 | O96: =IF(G96="Not available","",VLOOKUP(F96,Sheet2!$B$1:$E$19,4,FALSE)+(G96-1))
A97: Bachrach | B97: Samuel | C97: 1799 | D97: Emanuel | E97: HBMa | F97: 2173 | G97: 40 | H97: 74 | I97: 92 | J97: 190 | L97: =IF(G97="Not available","","http://www.badatelna.eu/reprodukce/?fondId="&M97&"&zaznamId="&N97&"&reproId="&O97) -> http://www.badatelna.eu/reprodukce/?fondId=1073&zaznamId=1108959&reproId=3780033 | M97: =VLOOKUP(F97,Sheet2!$B$1:$E$19,2,FALSE) -> 1073 | N97: =VLOOKUP(F97,Sheet2!$B$1:$E$19,3,FALSE) -> 1108959 | O97: =IF(G97="Not available","",VLOOKUP(F97,Sheet2!$B$1:$E$19,4,FALSE)+(G97-1)) -> 3780033
A98: Bachrach | B98: Samuel | C98: 1811 | D98: Bernath | E98: HBMa | F98: 2173 | G98: 58 | H98: 111 | I98: 92 | J98: 190 | L98: =IF(G98="Not available","","http://www.badatelna.eu/reprodukce/?fondId="&M98&"&zaznamId="&N98&"&reproId="&O98) -> http://www.badatelna.eu/reprodukce/?fondId=1073&zaznamId=1108959&reproId=3780051 | M98: =VLOOKUP(F98,Sheet2!$B$1:$E$19,2,FALSE) -> 1073 | N98: =VLOOKUP(F98,Sheet2!$B$1:$E$19,3,FALSE) -> 1108959 | O98: =IF(G98="Not available","",VLOOKUP(F98,Sheet2!$B$1:$E$19,4,FALSE)+(G98-1)) -> 3780051
A99: Bachrach | B99: Sophie | C99: 1833 | D99: Bernard | E99: HBMa | F99: 2174 | G99: 94 | H99: 13-98 | I99: 180 | J99: 204 | L99: =IF(G99="Not available","","http://www.badatelna.eu/reprodukce/?fondId="&M99&"&zaznamId="&N99&"&reproId="&O99) -> http://www.badatelna.eu/reprodukce/?fondId=1073&zaznamId=1108960&reproId=3780318 | M99: =VLOOKUP(F99,Sheet2!$B$1:$E$19,2,FALSE) -> 1073 | N99: =VLOOKUP(F99,Sheet2!$B$1:$E$19,3,FALSE) -> 1108960 | O99: =IF(G99="Not available","",VLOOKUP(F99,Sheet2!$B$1:$E$19,4,FALSE)+(G99-1)) -> 3780318
A100: Bachrach | B100: Wilhelm | C100: 1836 | D100: Samuel | E100: HBMa | F100: 2174 | G100: 87 | H100: 26-111 | I100: 180 | J100: 204 | L100: =IF(G100="Not available","","http://www.badatelna.eu/reprodukce/?fondId="&M100&"&zaznamId="&N100&"&reproId="&O100) -> http://www.badatelna.eu/reprodukce/?fondId=1073&zaznamId=1108960&reproId=3780311 | M100: =VLOOKUP(F100,Sheet2!$B$1:$E$19,2,FALSE) -> 1073 | N100: =VLOOKUP(F100,Sheet2!$B$1:$E$19,3,FALSE) -> 1108960 | O100: =IF(G100="Not available","",VLOOKUP(F100,Sheet2!$B$1:$E$19,4,FALSE)+(G100-1)) -> 3780311
...

Sheet Sheet2
B1: inv | C1: fond | D1: zaznamid | E1: reproid | F1: page
A2: http://www.badatelna.eu/reprodukce/?fondId=1073&zaznamId=1108960&reproId=3780225 | B2: 995 | C2: 241 | D2: 1133735 | E2: 3885429 | F2: 1
B3: 996 | C3: 241 | D3: 1133736 | E3: 3885569 | F3: 1
B4: 997 | C4: 241 | D4: 1133737 | E4: 3885619 | F4: 1
B5: 998 | C5: 241 | D5: 1133738 | E5: 3885647 | F5: 1
B6: 999 | C6: 241 | D6: 1133739 | E6: 3885730 | F6: 1
B7: 2164 | C7: 1073 | D7: 1108951 | E7: 3778715 | F7: 1
B8: 2165 | C8: 1073 | D8: 1108952 | E8: 3778862 | F8: 1
B9: 2166 | C9: 1073 | D9: 1108953 | E9: 3779225 | F9: 1
B10: 2167 | C10: 1073 | D10: 1108954 | E10: 3779284 | F10: 1
B11: 2168 | C11: 1073 | D11: 1108955 | E11: 3779305 | F11: 1
B12: 2169 | C12: 1073 | D12: 1110078 | E12: 3830578 | F12: 1
B13: 2170 | C13: 1073 | D13: 1108956 | E13: 3779593 | F13: 1
B14: 2171 | C14: 1073 | D14: 1108957 | E14: 3779668 | F14: 1
... B19: 2176 | C19: 1073 | D19: 1108963 | E19: 3780562 | F19: 1
