Workbook

Sheet Sheet1
A1: SURNAME | B1: FIRST NAME | C1: DATE OF DEATH (D-M-Y) | D1: HBM(a) | E1: INV. | F1: DATA IMAGE PAGE | G1: DATA FOLIO PAGE | H1: INDEX IMAGE PAGE | I1: INDEX FOLIO PAGE | J1: MTLINK | K1: fond | L1: zaznamid | M1: reproid
A2: ? | B2: Hershmann | C2: 15-1-1790 | D2: HBMa | E2: 2173 | F2: 196 | G2: 2 | H2: Not available | I2: Not available | J2: =IF(LEN(TRIM(E2))=0,"","http://www.badatelna.eu/reprodukce/?fondId="&K2&"&zaznamId="&L2&"&reproId="&M2) -> http://www.badatelna.eu/reprodukce/?fondId=1073&zaznamId=1108959&reproId=3780189 | K2: =IF(LEN(TRIM(E2))=0,"",VLOOKUP(E2,Sheet2!$B$1:$E$19,2,FALSE)) -> 1073 | L2: =IF(LEN(TRIM(E2))=0,"",VLOOKUP(E2,Sheet2!$B$1:$E$19,3,FALSE)) -> 1108959 | M2: =IF(LEN(TRIM(E2))=0,"",VLOOKUP(E2,Sheet2!$B$1:$E$19,4,FALSE))+(F2-1) -> 3780189
A3: ? | B3: Juda | C3: 23-8-1830 | D3: HBMa | E3: 2173 | F3: 212 | G3: 34 | H3: Not available | I3: Not available | J3: =IF(LEN(TRIM(E3))=0,"","http://www.badatelna.eu/reprodukce/?fondId="&K3&"&zaznamId="&L3&"&reproId="&M3) -> http://www.badatelna.eu/reprodukce/?fondId=1073&zaznamId=1108959&reproId=3780205 | K3: =IF(LEN(TRIM(E3))=0,"",VLOOKUP(E3,Sheet2!$B$1:$E$19,2,FALSE)) -> 1073 | L3: =IF(LEN(TRIM(E3))=0,"",VLOOKUP(E3,Sheet2!$B$1:$E$19,3,FALSE)) -> 1108959 | M3: =IF(LEN(TRIM(E3))=0,"",VLOOKUP(E3,Sheet2!$B$1:$E$19,4,FALSE))+(F3-1) -> 3780205
A4: Abeles | B4: Willhelm | C4: 5155 | D4: HBMa | E4: 2172 | F4: 184 | G4: 175 | H4: Not available | I4: Not available | J4: =IF(LEN(TRIM(E4))=0,"","http://www.badatelna.eu/reprodukce/?fondId="&K4&"&zaznamId="&L4&"&reproId="&M4) -> http://www.badatelna.eu/reprodukce/?fondId=1073&zaznamId=1108958&reproId=3779925 | K4: =IF(LEN(TRIM(E4))=0,"",VLOOKUP(E4,Sheet2!$B$1:$E$19,2,FALSE)) -> 1073 | L4: =IF(LEN(TRIM(E4))=0,"",VLOOKUP(E4,Sheet2!$B$1:$E$19,3,FALSE)) -> 1108958 | M4: =IF(LEN(TRIM(E4))=0,"",VLOOKUP(E4,Sheet2!$B$1:$E$19,4,FALSE))+(F4-1) -> 3779925
A5: Adel | B5: Hermine | C5: 17-1-1888 | D5: HBMa | E5: 2172 | F5: 64 | G5: 63 | H5: Not available | I5: Not available | J5: =IF(LEN(TRIM(E5))=0,"","http://www.badatelna.eu/reprodukce/?fondId="&K5&"&zaznamId="&L5&"&reproId="&M5) -> http://www.badatelna.eu/reprodukce/?fondId=1073&zaznamId=1108958&reproId=3779805 | K5: =IF(LEN(TRIM(E5))=0,"",VLOOKUP(E5,Sheet2!$B$1:$E$19,2,FALSE)) -> 1073 | L5: =IF(LEN(TRIM(E5))=0,"",VLOOKUP(E5,Sheet2!$B$1:$E$19,3,FALSE)) -> 1108958 | M5: =IF(LEN(TRIM(E5))=0,"",VLOOKUP(E5,Sheet2!$B$1:$E$19,4,FALSE))+(F5-1) -> 3779805
A6: Adler | B6: Anna | C6: 12-7-1880 | D6: HBMa | E6: 2172 | F6: 18 | G6: 17 | H6: Not available | I6: Not available | J6: =IF(LEN(TRIM(E6))=0,"","http://www.badatelna.eu/reprodukce/?fondId="&K6&"&zaznamId="&L6&"&reproId="&M6) -> http://www.badatelna.eu/reprodukce/?fondId=1073&zaznamId=1108958&reproId=3779759 | K6: =IF(LEN(TRIM(E6))=0,"",VLOOKUP(E6,Sheet2!$B$1:$E$19,2,FALSE)) -> 1073 | L6: =IF(LEN(TRIM(E6))=0,"",VLOOKUP(E6,Sheet2!$B$1:$E$19,3,FALSE)) -> 1108958 | M6: =IF(LEN(TRIM(E6))=0,"",VLOOKUP(E6,Sheet2!$B$1:$E$19,4,FALSE))+(F6-1) -> 3779759
A7: Adler | B7: Barbara | C7: 9-1-1881 | D7: HBMa | E7: 2172 | F7: 19 | G7: 18 | H7: 24 | I7: 23 | J7: =IF(LEN(TRIM(E7))=0,"","http://www.badatelna.eu/reprodukce/?fondId="&K7&"&zaznamId="&L7&"&reproId="&M7) -> http://www.badatelna.eu/reprodukce/?fondId=1073&zaznamId=1108958&reproId=3779760 | K7: =IF(LEN(TRIM(E7))=0,"",VLOOKUP(E7,Sheet2!$B$1:$E$19,2,FALSE)) -> 1073 | L7: =IF(LEN(TRIM(E7))=0,"",VLOOKUP(E7,Sheet2!$B$1:$E$19,3,FALSE)) -> 1108958 | M7: =IF(LEN(TRIM(E7))=0,"",VLOOKUP(E7,Sheet2!$B$1:$E$19,4,FALSE))+(F7-1) -> 3779760
A8: Adler | B8: Charlotte | C8: 4-7-1878 | D8: HBMa | E8: 2172 | F8: 6 | G8: 3 | H8: 8 | I8: 1 | J8: =IF(LEN(TRIM(E8))=0,"","http://www.badatelna.eu/reprodukce/?fondId="&K8&"&zaznamId="&L8&"&reproId="&M8) -> http://www.badatelna.eu/reprodukce/?fondId=1073&zaznamId=1108958&reproId=3779747 | K8: =IF(LEN(TRIM(E8))=0,"",VLOOKUP(E8,Sheet2!$B$1:$E$19,2,FALSE)) -> 1073 | L8: =IF(LEN(TRIM(E8))=0,"",VLOOKUP(E8,Sheet2!$B$1:$E$19,3,FALSE)) -> 1108958 | M8: =IF(LEN(TRIM(E8))=0,"",VLOOKUP(E8,Sheet2!$B$1:$E$19,4,FALSE))+(F8-1) -> 3779747
A9: Adler | B9: David | C9: 14-7-1819 | D9: HBMa | E9: 2173 | F9: 207 | G9: 23 | H9: Not available | I9: Not available | J9: =IF(LEN(TRIM(E9))=0,"","http://www.badatelna.eu/reprodukce/?fondId="&K9&"&zaznamId="&L9&"&reproId="&M9) -> http://www.badatelna.eu/reprodukce/?fondId=1073&zaznamId=1108959&reproId=3780200 | K9: =IF(LEN(TRIM(E9))=0,"",VLOOKUP(E9,Sheet2!$B$1:$E$19,2,FALSE)) -> 1073 | L9: =IF(LEN(TRIM(E9))=0,"",VLOOKUP(E9,Sheet2!$B$1:$E$19,3,FALSE)) -> 1108959 | M9: =IF(LEN(TRIM(E9))=0,"",VLOOKUP(E9,Sheet2!$B$1:$E$19,4,FALSE))+(F9-1) -> 3780200
A10: Adler | B10: David | C10: 21-11-1868 | D10: HBMa | E10: 2170 | F10: 29 | G10: 25 | H10: 60 | I10: 56 | J10: =IF(LEN(TRIM(E10))=0,"","http://www.badatelna.eu/reprodukce/?fondId="&K10&"&zaznamId="&L10&"&reproId="&M10) -> http://www.badatelna.eu/reprodukce/?fondId=1073&zaznamId=1108956&reproId=3779621 | K10: =IF(LEN(TRIM(E10))=0,"",VLOOKUP(E10,Sheet2!$B$1:$E$19,2,FALSE)) -> 1073 | L10: =IF(LEN(TRIM(E10))=0,"",VLOOKUP(E10,Sheet2!$B$1:$E$19,3,FALSE)) -> 1108956 | M10: =IF(LEN(TRIM(E10))=0,"",VLOOKUP(E10,Sheet2!$B$1:$E$19,4,FALSE))+(F10-1) -> 3779621
A11: Adler | B11: Elias | C11: 14-7-1851 | D11: HBMa | E11: 2173 | F11: 225 | G11: 55 | H11: Not available | I11: Not available | J11: =IF(LEN(TRIM(E11))=0,"","http://www.badatelna.eu/reprodukce/?fondId="&K11&"&zaznamId="&L11&"&reproId="&M11) -> http://www.badatelna.eu/reprodukce/?fondId=1073&zaznamId=1108959&reproId=3780218 | K11: =IF(LEN(TRIM(E11))=0,"",VLOOKUP(E11,Sheet2!$B$1:$E$19,2,FALSE)) -> 1073 | L11: =IF(LEN(TRIM(E11))=0,"",VLOOKUP(E11,Sheet2!$B$1:$E$19,3,FALSE)) -> 1108959 | M11: =IF(LEN(TRIM(E11))=0,"",VLOOKUP(E11,Sheet2!$B$1:$E$19,4,FALSE))+(F11-1) -> 3780218
A12: Adler | B12: Elias* | C12: 1851 | D12: HBM | E12: 998 | F12: 33 | G12: 31 | H12: 62 | I12: 59 | J12: =IF(LEN(TRIM(E12))=0,"","http://www.badatelna.eu/reprodukce/?fondId="&K12&"&zaznamId="&L12&"&reproId="&M12) -> http://www.badatelna.eu/reprodukce/?fondId=241&zaznamId=1133738&reproId=3885679 | K12: =IF(LEN(TRIM(E12))=0,"",VLOOKUP(E12,Sheet2!$B$1:$E$19,2,FALSE)) -> 241 | L12: =IF(LEN(TRIM(E12))=0,"",VLOOKUP(E12,Sheet2!$B$1:$E$19,3,FALSE)) -> 1133738 | M12: =IF(LEN(TRIM(E12))=0,"",VLOOKUP(E12,Sheet2!$B$1:$E$19,4,FALSE))+(F12-1) -> 3885679
A13: Adler | B13: Elka Willem | C13: 8-11-1872 | D13: HBMa | E13: 2170 | F13: 44 | G13: 40 | H13: 60 | I13: 56 | J13: =IF(LEN(TRIM(E13))=0,"","http://www.badatelna.eu/reprodukce/?fondId="&K13&"&zaznamId="&L13&"&reproId="&M13) -> http://www.badatelna.eu/reprodukce/?fondId=1073&zaznamId=1108956&reproId=3779636 | K13: =IF(LEN(TRIM(E13))=0,"",VLOOKUP(E13,Sheet2!$B$1:$E$19,2,FALSE)) -> 1073 | L13: =IF(LEN(TRIM(E13))=0,"",VLOOKUP(E13,Sheet2!$B$1:$E$19,3,FALSE)) -> 1108956 | M13: =IF(LEN(TRIM(E13))=0,"",VLOOKUP(E13,Sheet2!$B$1:$E$19,4,FALSE))+(F13-1) -> 3779636
A14: Adler | B14: Fanny | C14: 1847 | D14: HBM | E14: 998 | F14: 5 | G14: 3 | H14: 62 | I14: 59 | J14: =IF(LEN(TRIM(E14))=0,"","http://www.badatelna.eu/reprodukce/?fondId="&K14&"&zaznamId="&L14&"&reproId="&M14) -> http://www.badatelna.eu/reprodukce/?fondId=241&zaznamId=1133738&reproId=3885651 | K14: =IF(LEN(TRIM(E14))=0,"",VLOOKUP(E14,Sheet2!$B$1:$E$19,2,FALSE)) -> 241 | L14: =IF(LEN(TRIM(E14))=0,"",VLOOKUP(E14,Sheet2!$B$1:$E$19,3,FALSE)) -> 1133738 | M14: =IF(LEN(TRIM(E14))=0,"",VLOOKUP(E14,Sheet2!$B$1:$E$19,4,FALSE))+(F14-1) -> 3885651
A15: Adler | B15: Golda | C15: 1847 | D15: HBM | E15: 998 | F15: 4 | G15: 2 | H15: 62 | I15: 59 | J15: =IF(LEN(TRIM(E15))=0,"","http://www.badatelna.eu/reprodukce/?fondId="&K15&"&zaznamId="&L15&"&reproId="&M15) -> http://www.badatelna.eu/reprodukce/?fondId=241&zaznamId=1133738&reproId=3885650 | K15: =IF(LEN(TRIM(E15))=0,"",VLOOKUP(E15,Sheet2!$B$1:$E$19,2,FALSE)) -> 241 | L15: =IF(LEN(TRIM(E15))=0,"",VLOOKUP(E15,Sheet2!$B$1:$E$19,3,FALSE)) -> 1133738 | M15: =IF(LEN(TRIM(E15))=0,"",VLOOKUP(E15,Sheet2!$B$1:$E$19,4,FALSE))+(F15-1) -> 3885650
A16: Adler | B16: Isaias | C16: 1863 | D16: HBM | E16: 999 | F16: 83 | G16: 4 | H16: 94 | I16: 152 | J16: =IF(LEN(TRIM(E16))=0,"","http://www.badatelna.eu/reprodukce/?fondId="&K16&"&zaznamId="&L16&"&reproId="&M16) -> http://www.badatelna.eu/reprodukce/?fondId=241&zaznamId=1133739&reproId=3885812 | K16: =IF(LEN(TRIM(E16))=0,"",VLOOKUP(E16,Sheet2!$B$1:$E$19,2,FALSE)) -> 241 | L16: =IF(LEN(TRIM(E16))=0,"",VLOOKUP(E16,Sheet2!$B$1:$E$19,3,FALSE)) -> 1133739 | M16: =IF(LEN(TRIM(E16))=0,"",VLOOKUP(E16,Sheet2!$B$1:$E$19,4,FALSE))+(F16-1) -> 3885812
A17: Adler | B17: Isaias Emanuel | C17: 6-4-1863 | D17: HBMa | E17: 2170 | F17: 7 | G17: 3 | H17: 60 | I17: 56 | J17: =IF(LEN(TRIM(E17))=0,"","http://www.badatelna.eu/reprodukce/?fondId="&K17&"&zaznamId="&L17&"&reproId="&M17) -> http://www.badatelna.eu/reprodukce/?fondId=1073&zaznamId=1108956&reproId=3779599 | K17: =IF(LEN(TRIM(E17))=0,"",VLOOKUP(E17,Sheet2!$B$1:$E$19,2,FALSE)) -> 1073 | L17: =IF(LEN(TRIM(E17))=0,"",VLOOKUP(E17,Sheet2!$B$1:$E$19,3,FALSE)) -> 1108956 | M17: =IF(LEN(TRIM(E17))=0,"",VLOOKUP(E17,Sheet2!$B$1:$E$19,4,FALSE))+(F17-1) -> 3779599
A18: Adler | B18: Johanna | C18: 1854 | D18: HBM | E18: 998 | F18: 41 | G18: 39 | H18: 62 | I18: 59 | J18: =IF(LEN(TRIM(E18))=0,"","http://www.badatelna.eu/reprodukce/?fondId="&K18&"&zaznamId="&L18&"&reproId="&M18) -> http://www.badatelna.eu/reprodukce/?fondId=241&zaznamId=1133738&reproId=3885687 | K18: =IF(LEN(TRIM(E18))=0,"",VLOOKUP(E18,Sheet2!$B$1:$E$19,2,FALSE)) -> 241 | L18: =IF(LEN(TRIM(E18))=0,"",VLOOKUP(E18,Sheet2!$B$1:$E$19,3,FALSE)) -> 1133738 | M18: =IF(LEN(TRIM(E18))=0,"",VLOOKUP(E18,Sheet2!$B$1:$E$19,4,FALSE))+(F18-1) -> 3885687
A19: Adler | B19: Joseph | C19: 8-3-1830 | D19: HBMa | E19: 2173 | F19: 182 | G19: 11 | H19: 184 | I19: 411 | J19: =IF(LEN(TRIM(E19))=0,"","http://www.badatelna.eu/reprodukce/?fondId="&K19&"&zaznamId="&L19&"&reproId="&M19) -> http://www.badatelna.eu/reprodukce/?fondId=1073&zaznamId=1108959&reproId=3780175 | K19: =IF(LEN(TRIM(E19))=0,"",VLOOKUP(E19,Sheet2!$B$1:$E$19,2,FALSE)) -> 1073 | L19: =IF(LEN(TRIM(E19))=0,"",VLOOKUP(E19,Sheet2!$B$1:$E$19,3,FALSE)) -> 1108959 | M19: =IF(LEN(TRIM(E19))=0,"",VLOOKUP(E19,Sheet2!$B$1:$E$19,4,FALSE))+(F19-1) -> 3780175
A20: Adler | B20: Juda | C20: 27-1-1838 | D20: HBMa | E20: 2173 | F20: 221 | G20: 48 | H20: Not available | I20: Not available | J20: =IF(LEN(TRIM(E20))=0,"","http://www.badatelna.eu/reprodukce/?fondId="&K20&"&zaznamId="&L20&"&reproId="&M20) -> http://www.badatelna.eu/reprodukce/?fondId=1073&zaznamId=1108959&reproId=3780214 | K20: =IF(LEN(TRIM(E20))=0,"",VLOOKUP(E20,Sheet2!$B$1:$E$19,2,FALSE)) -> 1073 | L20: =IF(LEN(TRIM(E20))=0,"",VLOOKUP(E20,Sheet2!$B$1:$E$19,3,FALSE)) -> 1108959 | M20: =IF(LEN(TRIM(E20))=0,"",VLOOKUP(E20,Sheet2!$B$1:$E$19,4,FALSE))+(F20-1) -> 3780214
A21: Adler | B21: Julius | C21: 1863 | D21: HBM | E21: 999 | F21: 82 | G21: 3 | H21: 94 | I21: 152 | J21: =IF(LEN(TRIM(E21))=0,"","http://www.badatelna.eu/reprodukce/?fondId="&K21&"&zaznamId="&L21&"&reproId="&M21) -> http://www.badatelna.eu/reprodukce/?fondId=241&zaznamId=1133739&reproId=3885811 | K21: =IF(LEN(TRIM(E21))=0,"",VLOOKUP(E21,Sheet2!$B$1:$E$19,2,FALSE)) -> 241 | L21: =IF(LEN(TRIM(E21))=0,"",VLOOKUP(E21,Sheet2!$B$1:$E$19,3,FALSE)) -> 1133739 | M21: =IF(LEN(TRIM(E21))=0,"",VLOOKUP(E21,Sheet2!$B$1:$E$19,4,FALSE))+(F21-1) -> 3885811
A22: Adler | B22: Julius | C22: 30-12-1934 | D22: HBMa | E22: 2172 | F22: 231 | G22: 211 | H22: Not available | I22: Not available | J22: =IF(LEN(TRIM(E22))=0,"","http://www.badatelna.eu/reprodukce/?fondId="&K22&"&zaznamId="&L22&"&reproId="&M22) -> http://www.badatelna.eu/reprodukce/?fondId=1073&zaznamId=1108958&reproId=3779972 | K22: =IF(LEN(TRIM(E22))=0,"",VLOOKUP(E22,Sheet2!$B$1:$E$19,2,FALSE)) -> 1073 | L22: =IF(LEN(TRIM(E22))=0,"",VLOOKUP(E22,Sheet2!$B$1:$E$19,3,FALSE)) -> 1108958 | M22: =IF(LEN(TRIM(E22))=0,"",VLOOKUP(E22,Sheet2!$B$1:$E$19,4,FALSE))+(F22-1) -> 3779972
A23: Adler | B23: Julius* | C23: 22-2-1863 | D23: HBMa | E23: 2170 | F23: 7 | G23: 3 | H23: 60 | I23: 56 | J23: =IF(LEN(TRIM(E23))=0,"","http://www.badatelna.eu/reprodukce/?fondId="&K23&"&zaznamId="&L23&"&reproId="&M23) -> http://www.badatelna.eu/reprodukce/?fondId=1073&zaznamId=1108956&reproId=3779599 | K23: =IF(LEN(TRIM(E23))=0,"",VLOOKUP(E23,Sheet2!$B$1:$E$19,2,FALSE)) -> 1073 | L23: =IF(LEN(TRIM(E23))=0,"",VLOOKUP(E23,Sheet2!$B$1:$E$19,3,FALSE)) -> 1108956 | M23: =IF(LEN(TRIM(E23))=0,"",VLOOKUP(E23,Sheet2!$B$1:$E$19,4,FALSE))+(F23-1) -> 3779599
A24: Adler | B24: Markus | C24: 1848 | D24: HBM | E24: 998 | F24: 12 | G24: 10 | H24: 62 | I24: 59 | J24: =IF(LEN(TRIM(E24))=0,"","http://www.badatelna.eu/reprodukce/?fondId="&K24&"&zaznamId="&L24&"&reproId="&M24) -> http://www.badatelna.eu/reprodukce/?fondId=241&zaznamId=1133738&reproId=3885658 | K24: =IF(LEN(TRIM(E24))=0,"",VLOOKUP(E24,Sheet2!$B$1:$E$19,2,FALSE)) -> 241 | L24: =IF(LEN(TRIM(E24))=0,"",VLOOKUP(E24,Sheet2!$B$1:$E$19,3,FALSE)) -> 1133738 | M24: =IF(LEN(TRIM(E24))=0,"",VLOOKUP(E24,Sheet2!$B$1:$E$19,4,FALSE))+(F24-1) -> 3885658
A25: Adler | B25: Sallomon | C25: 4-1-1829 | D25: HBMa | E25: 2173 | F25: 181 | G25: 9 | H25: 184 | I25: 411 | J25: =IF(LEN(TRIM(E25))=0,"","http://www.badatelna.eu/reprodukce/?fondId="&K25&"&zaznamId="&L25&"&reproId="&M25) -> http://www.badatelna.eu/reprodukce/?fondId=1073&zaznamId=1108959&reproId=3780174 | K25: =IF(LEN(TRIM(E25))=0,"",VLOOKUP(E25,Sheet2!$B$1:$E$19,2,FALSE)) -> 1073 | L25: =IF(LEN(TRIM(E25))=0,"",VLOOKUP(E25,Sheet2!$B$1:$E$19,3,FALSE)) -> 1108959 | M25: =IF(LEN(TRIM(E25))=0,"",VLOOKUP(E25,Sheet2!$B$1:$E$19,4,FALSE))+(F25-1) -> 3780174
A26: Adler | B26: Sara | C26: 19-1-1831 | D26: HBMa | E26: 2173 | F26: 183 | G26: 13 | H26: 184 | I26: 411 | J26: =IF(LEN(TRIM(E26))=0,"","http://www.badatelna.eu/reprodukce/?fondId="&K26&"&zaznamId="&L26&"&reproId="&M26) -> http://www.badatelna.eu/reprodukce/?fondId=1073&zaznamId=1108959&reproId=3780176 | K26: =IF(LEN(TRIM(E26))=0,"",VLOOKUP(E26,Sheet2!$B$1:$E$19,2,FALSE)) -> 1073 | L26: =IF(LEN(TRIM(E26))=0,"",VLOOKUP(E26,Sheet2!$B$1:$E$19,3,FALSE)) -> 1108959 | M26: =IF(LEN(TRIM(E26))=0,"",VLOOKUP(E26,Sheet2!$B$1:$E$19,4,FALSE))+(F26-1) -> 3780176
A27: Adler | B27: Simon | C27: 13338 | D27: HBMa | E27: 2172 | F27: 237 | G27: 217 | H27: Not available | I27: Not available | J27: =IF(LEN(TRIM(E27))=0,"","http://www.badatelna.eu/reprodukce/?fondId="&K27&"&zaznamId="&L27&"&reproId="&M27) -> http://www.badatelna.eu/reprodukce/?fondId=1073&zaznamId=1108958&reproId=3779978 | K27: =IF(LEN(TRIM(E27))=0,"",VLOOKUP(E27,Sheet2!$B$1:$E$19,2,FALSE)) -> 1073 | L27: =IF(LEN(TRIM(E27))=0,"",VLOOKUP(E27,Sheet2!$B$1:$E$19,3,FALSE)) -> 1108958 | M27: =IF(LEN(TRIM(E27))=0,"",VLOOKUP(E27,Sheet2!$B$1:$E$19,4,FALSE))+(F27-1) -> 3779978
A28: Adlerová | B28: Marianna | C28: 22-8-1929 | D28: HBMa | E28: 2172 | F28: 218 | G28: 202 | H28: Not available | I28: Not available | J28: =IF(LEN(TRIM(E28))=0,"","http://www.badatelna.eu/reprodukce/?fondId="&K28&"&zaznamId="&L28&"&reproId="&M28) -> http://www.badatelna.eu/reprodukce/?fondId=1073&zaznamId=1108958&reproId=3779959 | K28: =IF(LEN(TRIM(E28))=0,"",VLOOKUP(E28,Sheet2!$B$1:$E$19,2,FALSE)) -> 1073 | L28: =IF(LEN(TRIM(E28))=0,"",VLOOKUP(E28,Sheet2!$B$1:$E$19,3,FALSE)) -> 1108958 | M28: =IF(LEN(TRIM(E28))=0,"",VLOOKUP(E28,Sheet2!$B$1:$E$19,4,FALSE))+(F28-1) -> 3779959
A29: Altschul | B29: Julie | C29: 26-8-1917 | D29: HBMa | E29: 2172 | F29: 191 | G29: 181 | H29: Not available | I29: Not available | J29: =IF(LEN(TRIM(E29))=0,"","http://www.badatelna.eu/reprodukce/?fondId="&K29&"&zaznamId="&L29&"&reproId="&M29) -> http://www.badatelna.eu/reprodukce/?fondId=1073&zaznamId=1108958&reproId=3779932 | K29: =IF(LEN(TRIM(E29))=0,"",VLOOKUP(E29,Sheet2!$B$1:$E$19,2,FALSE)) -> 1073 | L29: =IF(LEN(TRIM(E29))=0,"",VLOOKUP(E29,Sheet2!$B$1:$E$19,3,FALSE)) -> 1108958 | M29: =IF(LEN(TRIM(E29))=0,"",VLOOKUP(E29,Sheet2!$B$1:$E$19,4,FALSE))+(F29-1) -> 3779932
A30: Appelfeld | B30: Sonja | C30: 20-20-1894 | D30: HBMa | E30: 2172 | F30: 95 | G30: 94 | H30: 96 | I30: 95 | J30: =IF(LEN(TRIM(E30))=0,"","http://www.badatelna.eu/reprodukce/?fondId="&K30&"&zaznamId="&L30&"&reproId="&M30) -> http://www.badatelna.eu/reprodukce/?fondId=1073&zaznamId=1108958&reproId=3779836 | K30: =IF(LEN(TRIM(E30))=0,"",VLOOKUP(E30,Sheet2!$B$1:$E$19,2,FALSE)) -> 1073 | L30: =IF(LEN(TRIM(E30))=0,"",VLOOKUP(E30,Sheet2!$B$1:$E$19,3,FALSE)) -> 1108958 | M30: =IF(LEN(TRIM(E30))=0,"",VLOOKUP(E30,Sheet2!$B$1:$E$19,4,FALSE))+(F30-1) -> 3779836
A31: Ascher | B31: Jeanette | C31: 20-3-1913 | D31: HBMa | E31: 2172 | F31: 183 | G31: 174 | H31: Not available | I31: Not available | J31: =IF(LEN(TRIM(E31))=0,"","http://www.badatelna.eu/reprodukce/?fondId="&K31&"&zaznamId="&L31&"&reproId="&M31) -> http://www.badatelna.eu/reprodukce/?fondId=1073&zaznamId=1108958&reproId=3779924 | K31: =IF(LEN(TRIM(E31))=0,"",VLOOKUP(E31,Sheet2!$B$1:$E$19,2,FALSE)) -> 1073 | L31: =IF(LEN(TRIM(E31))=0,"",VLOOKUP(E31,Sheet2!$B$1:$E$19,3,FALSE)) -> 1108958 | M31: =IF(LEN(TRIM(E31))=0,"",VLOOKUP(E31,Sheet2!$B$1:$E$19,4,FALSE))+(F31-1) -> 3779924
A32: Austerlitch | B32: Bernard | C32: 11-3-1871 | D32: HBMa | E32: 2170 | F32: 36 | G32: 32 | H32: 60 | I32: 56 | J32: =IF(LEN(TRIM(E32))=0,"","http://www.badatelna.eu/reprodukce/?fondId="&K32&"&zaznamId="&L32&"&reproId="&M32) -> http://www.badatelna.eu/reprodukce/?fondId=1073&zaznamId=1108956&reproId=3779628 | K32: =IF(LEN(TRIM(E32))=0,"",VLOOKUP(E32,Sheet2!$B$1:$E$19,2,FALSE)) -> 1073 | L32: =IF(LEN(TRIM(E32))=0,"",VLOOKUP(E32,Sheet2!$B$1:$E$19,3,FALSE)) -> 1108956 | M32: =IF(LEN(TRIM(E32))=0,"",VLOOKUP(E32,Sheet2!$B$1:$E$19,4,FALSE))+(F32-1) -> 3779628
A33: Austerlitz | B33: Bernath | C33: 15-6-1816 | D33: HBMa | E33: 2173 | F33: 206 | G33: 21 | H33: Not available | I33: Not available | J33: =IF(LEN(TRIM(E33))=0,"","http://www.badatelna.eu/reprodukce/?fondId="&K33&"&zaznamId="&L33&"&reproId="&M33) -> http://www.badatelna.eu/reprodukce/?fondId=1073&zaznamId=1108959&reproId=3780199 | K33: =IF(LEN(TRIM(E33))=0,"",VLOOKUP(E33,Sheet2!$B$1:$E$19,2,FALSE)) -> 1073 | L33: =IF(LEN(TRIM(E33))=0,"",VLOOKUP(E33,Sheet2!$B$1:$E$19,3,FALSE)) -> 1108959 | M33: =IF(LEN(TRIM(E33))=0,"",VLOOKUP(E33,Sheet2!$B$1:$E$19,4,FALSE))+(F33-1) -> 3780199
A34: Austerlitz | B34: David | C34: 19-12-1796 | D34: HBMa | E34: 2173 | F34: 199 | G34: 7 | H34: Not available | I34: Not available | J34: =IF(LEN(TRIM(E34))=0,"","http://www.badatelna.eu/reprodukce/?fondId="&K34&"&zaznamId="&L34&"&reproId="&M34) -> http://www.badatelna.eu/reprodukce/?fondId=1073&zaznamId=1108959&reproId=3780192 | K34: =IF(LEN(TRIM(E34))=0,"",VLOOKUP(E34,Sheet2!$B$1:$E$19,2,FALSE)) -> 1073 | L34: =IF(LEN(TRIM(E34))=0,"",VLOOKUP(E34,Sheet2!$B$1:$E$19,3,FALSE)) -> 1108959 | M34: =IF(LEN(TRIM(E34))=0,"",VLOOKUP(E34,Sheet2!$B$1:$E$19,4,FALSE))+(F34-1) -> 3780192
A35: Austerlitz | B35: Pinchas | C35: 1847 | D35: HBM | E35: 998 | F35: 7 | G35: 5 | H35: 62 | I35: 59 | J35: =IF(LEN(TRIM(E35))=0,"","http://www.badatelna.eu/reprodukce/?fondId="&K35&"&zaznamId="&L35&"&reproId="&M35) -> http://www.badatelna.eu/reprodukce/?fondId=241&zaznamId=1133738&reproId=3885653 | K35: =IF(LEN(TRIM(E35))=0,"",VLOOKUP(E35,Sheet2!$B$1:$E$19,2,FALSE)) -> 241 | L35: =IF(LEN(TRIM(E35))=0,"",VLOOKUP(E35,Sheet2!$B$1:$E$19,3,FALSE)) -> 1133738 | M35: =IF(LEN(TRIM(E35))=0,"",VLOOKUP(E35,Sheet2!$B$1:$E$19,4,FALSE))+(F35-1) -> 3885653
A36: Austerlitz | B36: Sara | C36: 23-9-1828 | D36: HBMa | E36: 2173 | F36: 181 | G36: 9 | H36: 184 | I36: 411 | J36: =IF(LEN(TRIM(E36))=0,"","http://www.badatelna.eu/reprodukce/?fondId="&K36&"&zaznamId="&L36&"&reproId="&M36) -> http://www.badatelna.eu/reprodukce/?fondId=1073&zaznamId=1108959&reproId=3780174 | K36: =IF(LEN(TRIM(E36))=0,"",VLOOKUP(E36,Sheet2!$B$1:$E$19,2,FALSE)) -> 1073 | L36: =IF(LEN(TRIM(E36))=0,"",VLOOKUP(E36,Sheet2!$B$1:$E$19,3,FALSE)) -> 1108959 | M36: =IF(LEN(TRIM(E36))=0,"",VLOOKUP(E36,Sheet2!$B$1:$E$19,4,FALSE))+(F36-1) -> 3780174
A37: B? | B37: Selig | C37: 12-2-1839 | D37: HBMa | E37: 2173 | F37: 221 | G37: 49 | H37: Not available | I37: Not available | J37: =IF(LEN(TRIM(E37))=0,"","http://www.badatelna.eu/reprodukce/?fondId="&K37&"&zaznamId="&L37&"&reproId="&M37) -> http://www.badatelna.eu/reprodukce/?fondId=1073&zaznamId=1108959&reproId=3780214 | K37: =IF(LEN(TRIM(E37))=0,"",VLOOKUP(E37,Sheet2!$B$1:$E$19,2,FALSE)) -> 1073 | L37: =IF(LEN(TRIM(E37))=0,"",VLOOKUP(E37,Sheet2!$B$1:$E$19,3,FALSE)) -> 1108959 | M37: =IF(LEN(TRIM(E37))=0,"",VLOOKUP(E37,Sheet2!$B$1:$E$19,4,FALSE))+(F37-1) -> 3780214
A38: Bacharach | B38: Bernath | C38: 9-3-1803 | D38: HBMa | E38: 2173 | F38: 201 | G38: 12 | H38: Not available | I38: Not available | J38: =IF(LEN(TRIM(E38))=0,"","http://www.badatelna.eu/reprodukce/?fondId="&K38&"&zaznamId="&L38&"&reproId="&M38) -> http://www.badatelna.eu/reprodukce/?fondId=1073&zaznamId=1108959&reproId=3780194 | K38: =IF(LEN(TRIM(E38))=0,"",VLOOKUP(E38,Sheet2!$B$1:$E$19,2,FALSE)) -> 1073 | L38: =IF(LEN(TRIM(E38))=0,"",VLOOKUP(E38,Sheet2!$B$1:$E$19,3,FALSE)) -> 1108959 | M38: =IF(LEN(TRIM(E38))=0,"",VLOOKUP(E38,Sheet2!$B$1:$E$19,4,FALSE))+(F38-1) -> 3780194
A39: Bachrach | B39: Bernath | C39: 24-3-1837 | D39: HBMa | E39: 2173 | F39: 220 | G39: 48 | H39: Not available | I39: Not available | J39: =IF(LEN(TRIM(E39))=0,"","http://www.badatelna.eu/reprodukce/?fondId="&K39&"&zaznamId="&L39&"&reproId="&M39) -> http://www.badatelna.eu/reprodukce/?fondId=1073&zaznamId=1108959&reproId=3780213 | K39: =IF(LEN(TRIM(E39))=0,"",VLOOKUP(E39,Sheet2!$B$1:$E$19,2,FALSE)) -> 1073 | L39: =IF(LEN(TRIM(E39))=0,"",VLOOKUP(E39,Sheet2!$B$1:$E$19,3,FALSE)) -> 1108959 | M39: =IF(LEN(TRIM(E39))=0,"",VLOOKUP(E39,Sheet2!$B$1:$E$19,4,FALSE))+(F39-1) -> 3780213
A40: Bachrach | B40: Bernath Löbl | C40: 22-8-1832 | D40: HBMa | E40: 2173 | F40: 210 | G40: 30 | H40: Not available | I40: Not available | J40: =IF(LEN(TRIM(E40))=0,"","http://www.badatelna.eu/reprodukce/?fondId="&K40&"&zaznamId="&L40&"&reproId="&M40) -> http://www.badatelna.eu/reprodukce/?fondId=1073&zaznamId=1108959&reproId=3780203 | K40: =IF(LEN(TRIM(E40))=0,"",VLOOKUP(E40,Sheet2!$B$1:$E$19,2,FALSE)) -> 1073 | L40: =IF(LEN(TRIM(E40))=0,"",VLOOKUP(E40,Sheet2!$B$1:$E$19,3,FALSE)) -> 1108959 | M40: =IF(LEN(TRIM(E40))=0,"",VLOOKUP(E40,Sheet2!$B$1:$E$19,4,FALSE))+(F40-1) -> 3780203
A41: Bachrach | B41: Eduard | C41: 4512 | D41: HBMa | E41: 2172 | F41: 181 | G41: 173 | H41: Not available | I41: Not available | J41: =IF(LEN(TRIM(E41))=0,"","http://www.badatelna.eu/reprodukce/?fondId="&K41&"&zaznamId="&L41&"&reproId="&M41) -> http://www.badatelna.eu/reprodukce/?fondId=1073&zaznamId=1108958&reproId=3779922 | K41: =IF(LEN(TRIM(E41))=0,"",VLOOKUP(E41,Sheet2!$B$1:$E$19,2,FALSE)) -> 1073 | L41: =IF(LEN(TRIM(E41))=0,"",VLOOKUP(E41,Sheet2!$B$1:$E$19,3,FALSE)) -> 1108958 | M41: =IF(LEN(TRIM(E41))=0,"",VLOOKUP(E41,Sheet2!$B$1:$E$19,4,FALSE))+(F41-1) -> 3779922
A42: Bachrach | B42: Emanuel | C42: 20-8-1832 | D42: HBMa | E42: 2173 | F42: 215 | G42: 39 | H42: Not available | I42: Not available | J42: =IF(LEN(TRIM(E42))=0,"","http://www.badatelna.eu/reprodukce/?fondId="&K42&"&zaznamId="&L42&"&reproId="&M42) -> http://www.badatelna.eu/reprodukce/?fondId=1073&zaznamId=1108959&reproId=3780208 | K42: =IF(LEN(TRIM(E42))=0,"",VLOOKUP(E42,Sheet2!$B$1:$E$19,2,FALSE)) -> 1073 | L42: =IF(LEN(TRIM(E42))=0,"",VLOOKUP(E42,Sheet2!$B$1:$E$19,3,FALSE)) -> 1108959 | M42: =IF(LEN(TRIM(E42))=0,"",VLOOKUP(E42,Sheet2!$B$1:$E$19,4,FALSE))+(F42-1) -> 3780208
A43: Bachrach | B43: Fani | C43: 1849 | D43: HBM | E43: 998 | F43: 26 | G43: 24 | H43: 63 | I43: 60 | J43: =IF(LEN(TRIM(E43))=0,"","http://www.badatelna.eu/reprodukce/?fondId="&K43&"&zaznamId="&L43&"&reproId="&M43) -> http://www.badatelna.eu/reprodukce/?fondId=241&zaznamId=1133738&reproId=3885672 | K43: =IF(LEN(TRIM(E43))=0,"",VLOOKUP(E43,Sheet2!$B$1:$E$19,2,FALSE)) -> 241 | L43: =IF(LEN(TRIM(E43))=0,"",VLOOKUP(E43,Sheet2!$B$1:$E$19,3,FALSE)) -> 1133738 | M43: =IF(LEN(TRIM(E43))=0,"",VLOOKUP(E43,Sheet2!$B$1:$E$19,4,FALSE))+(F43-1) -> 3885672
A44: Bachrach | B44: Franziska | C44: 1853 | D44: HBM | E44: 998 | F44: 38 | G44: 36 | H44: 63 | I44: 60 | J44: =IF(LEN(TRIM(E44))=0,"","http://www.badatelna.eu/reprodukce/?fondId="&K44&"&zaznamId="&L44&"&reproId="&M44) -> http://www.badatelna.eu/reprodukce/?fondId=241&zaznamId=1133738&reproId=3885684 | K44: =IF(LEN(TRIM(E44))=0,"",VLOOKUP(E44,Sheet2!$B$1:$E$19,2,FALSE)) -> 241 | L44: =IF(LEN(TRIM(E44))=0,"",VLOOKUP(E44,Sheet2!$B$1:$E$19,3,FALSE)) -> 1133738 | M44: =IF(LEN(TRIM(E44))=0,"",VLOOKUP(E44,Sheet2!$B$1:$E$19,4,FALSE))+(F44-1) -> 3885684
A45: Bachrach | B45: Marie | C45: 1-1-1894 | D45: HBMa | E45: 2172 | F45: 93 | G45: 92 | H45: 96 | I45: 95 | J45: =IF(LEN(TRIM(E45))=0,"","http://www.badatelna.eu/reprodukce/?fondId="&K45&"&zaznamId="&L45&"&reproId="&M45) -> http://www.badatelna.eu/reprodukce/?fondId=1073&zaznamId=1108958&reproId=3779834 | K45: =IF(LEN(TRIM(E45))=0,"",VLOOKUP(E45,Sheet2!$B$1:$E$19,2,FALSE)) -> 1073 | L45: =IF(LEN(TRIM(E45))=0,"",VLOOKUP(E45,Sheet2!$B$1:$E$19,3,FALSE)) -> 1108958 | M45: =IF(LEN(TRIM(E45))=0,"",VLOOKUP(E45,Sheet2!$B$1:$E$19,4,FALSE))+(F45-1) -> 3779834
A46: Bachrach | B46: Moyses | C46: 19-3-1822 | D46: HBMa | E46: 2173 | F46: 178 | G46: 2 | H46: 185 | I46: 412 | J46: =IF(LEN(TRIM(E46))=0,"","http://www.badatelna.eu/reprodukce/?fondId="&K46&"&zaznamId="&L46&"&reproId="&M46) -> http://www.badatelna.eu/reprodukce/?fondId=1073&zaznamId=1108959&reproId=3780171 | K46: =IF(LEN(TRIM(E46))=0,"",VLOOKUP(E46,Sheet2!$B$1:$E$19,2,FALSE)) -> 1073 | L46: =IF(LEN(TRIM(E46))=0,"",VLOOKUP(E46,Sheet2!$B$1:$E$19,3,FALSE)) -> 1108959 | M46: =IF(LEN(TRIM(E46))=0,"",VLOOKUP(E46,Sheet2!$B$1:$E$19,4,FALSE))+(F46-1) -> 3780171
A47: Bachrach | B47: Rachel | C47: 1-3-1827 | D47: HBMa | E47: 2173 | F47: 180 | G47: 7 | H47: 185 | I47: 412 | J47: =IF(LEN(TRIM(E47))=0,"","http://www.badatelna.eu/reprodukce/?fondId="&K47&"&zaznamId="&L47&"&reproId="&M47) -> http://www.badatelna.eu/reprodukce/?fondId=1073&zaznamId=1108959&reproId=3780173 | K47: =IF(LEN(TRIM(E47))=0,"",VLOOKUP(E47,Sheet2!$B$1:$E$19,2,FALSE)) -> 1073 | L47: =IF(LEN(TRIM(E47))=0,"",VLOOKUP(E47,Sheet2!$B$1:$E$19,3,FALSE)) -> 1108959 | M47: =IF(LEN(TRIM(E47))=0,"",VLOOKUP(E47,Sheet2!$B$1:$E$19,4,FALSE))+(F47-1) -> 3780173
A48: Bachrach | B48: Rosalia | C48: 3-6-1823 | D48: HBMa | E48: 2173 | F48: 178 | G48: 3 | H48: 185 | I48: 412 | J48: =IF(LEN(TRIM(E48))=0,"","http://www.badatelna.eu/reprodukce/?fondId="&K48&"&zaznamId="&L48&"&reproId="&M48) -> http://www.badatelna.eu/reprodukce/?fondId=1073&zaznamId=1108959&reproId=3780171 | K48: =IF(LEN(TRIM(E48))=0,"",VLOOKUP(E48,Sheet2!$B$1:$E$19,2,FALSE)) -> 1073 | L48: =IF(LEN(TRIM(E48))=0,"",VLOOKUP(E48,Sheet2!$B$1:$E$19,3,FALSE)) -> 1108959 | M48: =IF(LEN(TRIM(E48))=0,"",VLOOKUP(E48,Sheet2!$B$1:$E$19,4,FALSE))+(F48-1) -> 3780171
A49: Bachrach | B49: Samuel | C49: 14-11-1822 | D49: HBMa | E49: 2173 | F49: 209 | G49: 27 | H49: Not available | I49: Not available | J49: =IF(LEN(TRIM(E49))=0,"","http://www.badatelna.eu/reprodukce/?fondId="&K49&"&zaznamId="&L49&"&reproId="&M49) -> http://www.badatelna.eu/reprodukce/?fondId=1073&zaznamId=1108959&reproId=3780202 | K49: =IF(LEN(TRIM(E49))=0,"",VLOOKUP(E49,Sheet2!$B$1:$E$19,2,FALSE)) -> 1073 | L49: =IF(LEN(TRIM(E49))=0,"",VLOOKUP(E49,Sheet2!$B$1:$E$19,3,FALSE)) -> 1108959 | M49: =IF(LEN(TRIM(E49))=0,"",VLOOKUP(E49,Sheet2!$B$1:$E$19,4,FALSE))+(F49-1) -> 3780202
A50: Bachrach | B50: Ber Löw | C50: 22-9-1877 | D50: HBMa | E50: 2170 | F50: 58 | G50: 54 | H50: 67 | I50: 63 | J50: =IF(LEN(TRIM(E50))=0,"","http://www.badatelna.eu/reprodukce/?fondId="&K50&"&zaznamId="&L50&"&reproId="&M50) -> http://www.badatelna.eu/reprodukce/?fondId=1073&zaznamId=1108956&reproId=3779650 | K50: =IF(LEN(TRIM(E50))=0,"",VLOOKUP(E50,Sheet2!$B$1:$E$19,2,FALSE)) -> 1073 | L50: =IF(LEN(TRIM(E50))=0,"",VLOOKUP(E50,Sheet2!$B$1:$E$19,3,FALSE)) -> 1108956 | M50: =IF(LEN(TRIM(E50))=0,"",VLOOKUP(E50,Sheet2!$B$1:$E$19,4,FALSE))+(F50-1) -> 3779650
A51: Bachrachová | B51: Hermine | C51: 12399 | D51: HBMa | E51: 2172 | F51: 227 | G51: 208 | H51: Not available | I51: Not available | J51: =IF(LEN(TRIM(E51))=0,"","http://www.badatelna.eu/reprodukce/?fondId="&K51&"&zaznamId="&L51&"&reproId="&M51) -> http://www.badatelna.eu/reprodukce/?fondId=1073&zaznamId=1108958&reproId=3779968 | K51: =IF(LEN(TRIM(E51))=0,"",VLOOKUP(E51,Sheet2!$B$1:$E$19,2,FALSE)) -> 1073 | L51: =IF(LEN(TRIM(E51))=0,"",VLOOKUP(E51,Sheet2!$B$1:$E$19,3,FALSE)) -> 1108958 | M51: =IF(LEN(TRIM(E51))=0,"",VLOOKUP(E51,Sheet2!$B$1:$E$19,4,FALSE))+(F51-1) -> 3779968
A52: Bäck | B52: Abraham | C52: 20-4-1878 | D52: HBMa | E52: 2172 | F52: 5 | G52: 2 | H52: 8 | I52: 1 | J52: =IF(LEN(TRIM(E52))=0,"","http://www.badatelna.eu/reprodukce/?fondId="&K52&"&zaznamId="&L52&"&reproId="&M52) -> http://www.badatelna.eu/reprodukce/?fondId=1073&zaznamId=1108958&reproId=3779746 | K52: =IF(LEN(TRIM(E52))=0,"",VLOOKUP(E52,Sheet2!$B$1:$E$19,2,FALSE)) -> 1073 | L52: =IF(LEN(TRIM(E52))=0,"",VLOOKUP(E52,Sheet2!$B$1:$E$19,3,FALSE)) -> 1108958 | M52: =IF(LEN(TRIM(E52))=0,"",VLOOKUP(E52,Sheet2!$B$1:$E$19,4,FALSE))+(F52-1) -> 3779746
A53: Bäck | B53: Adolf | C53: 7-4-1870 | D53: HBMa | E53: 2170 | F53: 32 | G53: 28 | H53: 61 | I53: 57 | J53: =IF(LEN(TRIM(E53))=0,"","http://www.badatelna.eu/reprodukce/?fondId="&K53&"&zaznamId="&L53&"&reproId="&M53) -> http://www.badatelna.eu/reprodukce/?fondId=1073&zaznamId=1108956&reproId=3779624 | K53: =IF(LEN(TRIM(E53))=0,"",VLOOKUP(E53,Sheet2!$B$1:$E$19,2,FALSE)) -> 1073 | L53: =IF(LEN(TRIM(E53))=0,"",VLOOKUP(E53,Sheet2!$B$1:$E$19,3,FALSE)) -> 1108956 | M53: =IF(LEN(TRIM(E53))=0,"",VLOOKUP(E53,Sheet2!$B$1:$E$19,4,FALSE))+(F53-1) -> 3779624
A54: Bäck | B54: Alois | C54: 6-6-1890 | D54: HBMa | E54: 2172 | F54: 74 | G54: 73 | H54: 76 | I54: 75 | J54: =IF(LEN(TRIM(E54))=0,"","http://www.badatelna.eu/reprodukce/?fondId="&K54&"&zaznamId="&L54&"&reproId="&M54) -> http://www.badatelna.eu/reprodukce/?fondId=1073&zaznamId=1108958&reproId=3779815 | K54: =IF(LEN(TRIM(E54))=0,"",VLOOKUP(E54,Sheet2!$B$1:$E$19,2,FALSE)) -> 1073 | L54: =IF(LEN(TRIM(E54))=0,"",VLOOKUP(E54,Sheet2!$B$1:$E$19,3,FALSE)) -> 1108958 | M54: =IF(LEN(TRIM(E54))=0,"",VLOOKUP(E54,Sheet2!$B$1:$E$19,4,FALSE))+(F54-1) -> 3779815
A55: Bäck | B55: Betti | C55: 14-6-1865 | D55: HBMa | E55: 2170 | F55: 14 | G55: 10 | H55: 60 | I55: 56 | J55: =IF(LEN(TRIM(E55))=0,"","http://www.badatelna.eu/reprodukce/?fondId="&K55&"&zaznamId="&L55&"&reproId="&M55) -> http://www.badatelna.eu/reprodukce/?fondId=1073&zaznamId=1108956&reproId=3779606 | K55: =IF(LEN(TRIM(E55))=0,"",VLOOKUP(E55,Sheet2!$B$1:$E$19,2,FALSE)) -> 1073 | L55: =IF(LEN(TRIM(E55))=0,"",VLOOKUP(E55,Sheet2!$B$1:$E$19,3,FALSE)) -> 1108956 | M55: =IF(LEN(TRIM(E55))=0,"",VLOOKUP(E55,Sheet2!$B$1:$E$19,4,FALSE))+(F55-1) -> 3779606
A56: Bäck | B56: Clara | C56: 1891 | D56: HBMa | E56: 2172 | F56: 82 | G56: 81 | H56: 83 | I56: 82 | J56: =IF(LEN(TRIM(E56))=0,"","http://www.badatelna.eu/reprodukce/?fondId="&K56&"&zaznamId="&L56&"&reproId="&M56) -> http://www.badatelna.eu/reprodukce/?fondId=1073&zaznamId=1108958&reproId=3779823 | K56: =IF(LEN(TRIM(E56))=0,"",VLOOKUP(E56,Sheet2!$B$1:$E$19,2,FALSE)) -> 1073 | L56: =IF(LEN(TRIM(E56))=0,"",VLOOKUP(E56,Sheet2!$B$1:$E$19,3,FALSE)) -> 1108958 | M56: =IF(LEN(TRIM(E56))=0,"",VLOOKUP(E56,Sheet2!$B$1:$E$19,4,FALSE))+(F56-1) -> 3779823
A57: Bäck | B57: Eduard | C57: 1854 | D57: HBM | E57: 998 | F57: 42 | G57: 40 | H57: 63 | I57: 60 | J57: =IF(LEN(TRIM(E57))=0,"","http://www.badatelna.eu/reprodukce/?fondId="&K57&"&zaznamId="&L57&"&reproId="&M57) -> http://www.badatelna.eu/reprodukce/?fondId=241&zaznamId=1133738&reproId=3885688 | K57: =IF(LEN(TRIM(E57))=0,"",VLOOKUP(E57,Sheet2!$B$1:$E$19,2,FALSE)) -> 241 | L57: =IF(LEN(TRIM(E57))=0,"",VLOOKUP(E57,Sheet2!$B$1:$E$19,3,FALSE)) -> 1133738 | M57: =IF(LEN(TRIM(E57))=0,"",VLOOKUP(E57,Sheet2!$B$1:$E$19,4,FALSE))+(F57-1) -> 3885688
A58: Bäck | B58: Elias | C58: 1887 | D58: HBMa | E58: 2172 | F58: 59 | G58: 60 | H58: 60 | I58: 61 | J58: =IF(LEN(TRIM(E58))=0,"","http://www.badatelna.eu/reprodukce/?fondId="&K58&"&zaznamId="&L58&"&reproId="&M58) -> http://www.badatelna.eu/reprodukce/?fondId=1073&zaznamId=1108958&reproId=3779800 | K58: =IF(LEN(TRIM(E58))=0,"",VLOOKUP(E58,Sheet2!$B$1:$E$19,2,FALSE)) -> 1073 | L58: =IF(LEN(TRIM(E58))=0,"",VLOOKUP(E58,Sheet2!$B$1:$E$19,3,FALSE)) -> 1108958 | M58: =IF(LEN(TRIM(E58))=0,"",VLOOKUP(E58,Sheet2!$B$1:$E$19,4,FALSE))+(F58-1) -> 3779800
A59: Bäck | B59: Elisabeth | C59: 17-3-1918 | D59: HBMa | E59: 2172 | F59: 195 | G59: 185 | H59: Not available | I59: Not available | J59: =IF(LEN(TRIM(E59))=0,"","http://www.badatelna.eu/reprodukce/?fondId="&K59&"&zaznamId="&L59&"&reproId="&M59) -> http://www.badatelna.eu/reprodukce/?fondId=1073&zaznamId=1108958&reproId=3779936 | K59: =IF(LEN(TRIM(E59))=0,"",VLOOKUP(E59,Sheet2!$B$1:$E$19,2,FALSE)) -> 1073 | L59: =IF(LEN(TRIM(E59))=0,"",VLOOKUP(E59,Sheet2!$B$1:$E$19,3,FALSE)) -> 1108958 | M59: =IF(LEN(TRIM(E59))=0,"",VLOOKUP(E59,Sheet2!$B$1:$E$19,4,FALSE))+(F59-1) -> 3779936
A60: Bäck | B60: Emanuel | C60: 12-3-1869 | D60: HBMa | E60: 2170 | F60: 30 | G60: 26 | H60: 61 | I60: 57 | J60: =IF(LEN(TRIM(E60))=0,"","http://www.badatelna.eu/reprodukce/?fondId="&K60&"&zaznamId="&L60&"&reproId="&M60) -> http://www.badatelna.eu/reprodukce/?fondId=1073&zaznamId=1108956&reproId=3779622 | K60: =IF(LEN(TRIM(E60))=0,"",VLOOKUP(E60,Sheet2!$B$1:$E$19,2,FALSE)) -> 1073 | L60: =IF(LEN(TRIM(E60))=0,"",VLOOKUP(E60,Sheet2!$B$1:$E$19,3,FALSE)) -> 1108956 | M60: =IF(LEN(TRIM(E60))=0,"",VLOOKUP(E60,Sheet2!$B$1:$E$19,4,FALSE))+(F60-1) -> 3779622
A61: Bäck | B61: Ernestina | C61: 5-11-1868 | D61: HBMa | E61: 2170 | F61: 28 | G61: 24 | H61: 61 | I61: 57 | J61: =IF(LEN(TRIM(E61))=0,"","http://www.badatelna.eu/reprodukce/?fondId="&K61&"&zaznamId="&L61&"&reproId="&M61) -> http://www.badatelna.eu/reprodukce/?fondId=1073&zaznamId=1108956&reproId=3779620 | K61: =IF(LEN(TRIM(E61))=0,"",VLOOKUP(E61,Sheet2!$B$1:$E$19,2,FALSE)) -> 1073 | L61: =IF(LEN(TRIM(E61))=0,"",VLOOKUP(E61,Sheet2!$B$1:$E$19,3,FALSE)) -> 1108956 | M61: =IF(LEN(TRIM(E61))=0,"",VLOOKUP(E61,Sheet2!$B$1:$E$19,4,FALSE))+(F61-1) -> 3779620
A62: Bäck | B62: Hany | C62: 1854 | D62: HBM | E62: 998 | F62: 40 | G62: 38 | H62: 63 | I62: 60 | J62: =IF(LEN(TRIM(E62))=0,"","http://www.badatelna.eu/reprodukce/?fondId="&K62&"&zaznamId="&L62&"&reproId="&M62) -> http://www.badatelna.eu/reprodukce/?fondId=241&zaznamId=1133738&reproId=3885686 | K62: =IF(LEN(TRIM(E62))=0,"",VLOOKUP(E62,Sheet2!$B$1:$E$19,2,FALSE)) -> 241 | L62: =IF(LEN(TRIM(E62))=0,"",VLOOKUP(E62,Sheet2!$B$1:$E$19,3,FALSE)) -> 1133738 | M62: =IF(LEN(TRIM(E62))=0,"",VLOOKUP(E62,Sheet2!$B$1:$E$19,4,FALSE))+(F62-1) -> 3885686
A63: Bäck | B63: J.? | C63: 1856 | D63: HBM | E63: 998 | F63: 49 | G63: 47 | H63: 64 | I63: 61 | J63: =IF(LEN(TRIM(E63))=0,"","http://www.badatelna.eu/reprodukce/?fondId="&K63&"&zaznamId="&L63&"&reproId="&M63) -> http://www.badatelna.eu/reprodukce/?fondId=241&zaznamId=1133738&reproId=3885695 | K63: =IF(LEN(TRIM(E63))=0,"",VLOOKUP(E63,Sheet2!$B$1:$E$19,2,FALSE)) -> 241 | L63: =IF(LEN(TRIM(E63))=0,"",VLOOKUP(E63,Sheet2!$B$1:$E$19,3,FALSE)) -> 1133738 | M63: =IF(LEN(TRIM(E63))=0,"",VLOOKUP(E63,Sheet2!$B$1:$E$19,4,FALSE))+(F63-1) -> 3885695
A64: Bäck | B64: Jakob | C64: 1864 | D64: HBM | E64: 999 | F64: 86 | G64: 7 | H64: 95 | I64: 153 | J64: =IF(LEN(TRIM(E64))=0,"","http://www.badatelna.eu/reprodukce/?fondId="&K64&"&zaznamId="&L64&"&reproId="&M64) -> http://www.badatelna.eu/reprodukce/?fondId=241&zaznamId=1133739&reproId=3885815 | K64: =IF(LEN(TRIM(E64))=0,"",VLOOKUP(E64,Sheet2!$B$1:$E$19,2,FALSE)) -> 241 | L64: =IF(LEN(TRIM(E64))=0,"",VLOOKUP(E64,Sheet2!$B$1:$E$19,3,FALSE)) -> 1133739 | M64: =IF(LEN(TRIM(E64))=0,"",VLOOKUP(E64,Sheet2!$B$1:$E$19,4,FALSE))+(F64-1) -> 3885815
A65: Bäck | B65: Jakob | C65: 25-1-1790 | D65: HBMa | E65: 2173 | F65: 196 | G65: 2 | H65: Not available | I65: Not available | J65: =IF(LEN(TRIM(E65))=0,"","http://www.badatelna.eu/reprodukce/?fondId="&K65&"&zaznamId="&L65&"&reproId="&M65) -> http://www.badatelna.eu/reprodukce/?fondId=1073&zaznamId=1108959&reproId=3780189 | K65: =IF(LEN(TRIM(E65))=0,"",VLOOKUP(E65,Sheet2!$B$1:$E$19,2,FALSE)) -> 1073 | L65: =IF(LEN(TRIM(E65))=0,"",VLOOKUP(E65,Sheet2!$B$1:$E$19,3,FALSE)) -> 1108959 | M65: =IF(LEN(TRIM(E65))=0,"",VLOOKUP(E65,Sheet2!$B$1:$E$19,4,FALSE))+(F65-1) -> 3780189
A66: Bäck | B66: Jakob* | C66: 27-8-1864 | D66: HBMa | E66: 2170 | F66: 12 | G66: 8 | H66: 60 | I66: 56 | J66: =IF(LEN(TRIM(E66))=0,"","http://www.badatelna.eu/reprodukce/?fondId="&K66&"&zaznamId="&L66&"&reproId="&M66) -> http://www.badatelna.eu/reprodukce/?fondId=1073&zaznamId=1108956&reproId=3779604 | K66: =IF(LEN(TRIM(E66))=0,"",VLOOKUP(E66,Sheet2!$B$1:$E$19,2,FALSE)) -> 1073 | L66: =IF(LEN(TRIM(E66))=0,"",VLOOKUP(E66,Sheet2!$B$1:$E$19,3,FALSE)) -> 1108956 | M66: =IF(LEN(TRIM(E66))=0,"",VLOOKUP(E66,Sheet2!$B$1:$E$19,4,FALSE))+(F66-1) -> 3779604
A67: Bäck | B67: Johanna | C67: 1889 | D67: HBMa | E67: 2172 | F67: 68 | G67: 67 | H67: 70 | I67: 69 | J67: =IF(LEN(TRIM(E67))=0,"","http://www.badatelna.eu/reprodukce/?fondId="&K67&"&zaznamId="&L67&"&reproId="&M67) -> http://www.badatelna.eu/reprodukce/?fondId=1073&zaznamId=1108958&reproId=3779809 | K67: =IF(LEN(TRIM(E67))=0,"",VLOOKUP(E67,Sheet2!$B$1:$E$19,2,FALSE)) -> 1073 | L67: =IF(LEN(TRIM(E67))=0,"",VLOOKUP(E67,Sheet2!$B$1:$E$19,3,FALSE)) -> 1108958 | M67: =IF(LEN(TRIM(E67))=0,"",VLOOKUP(E67,Sheet2!$B$1:$E$19,4,FALSE))+(F67-1) -> 3779809
A68: Bäck | B68: Johanna/Jeanette | C68: 18-8-1896 | D68: HBMa | E68: 2172 | F68: 107 | G68: 106 | H68: 109 | I68: 108 | J68: =IF(LEN(TRIM(E68))=0,"","http://www.badatelna.eu/reprodukce/?fondId="&K68&"&zaznamId="&L68&"&reproId="&M68) -> http://www.badatelna.eu/reprodukce/?fondId=1073&zaznamId=1108958&reproId=3779848 | K68: =IF(LEN(TRIM(E68))=0,"",VLOOKUP(E68,Sheet2!$B$1:$E$19,2,FALSE)) -> 1073 | L68: =IF(LEN(TRIM(E68))=0,"",VLOOKUP(E68,Sheet2!$B$1:$E$19,3,FALSE)) -> 1108958 | M68: =IF(LEN(TRIM(E68))=0,"",VLOOKUP(E68,Sheet2!$B$1:$E$19,4,FALSE))+(F68-1) -> 3779848
A69: Bäck | B69: Markus | C69: 17-7-1876 | D69: HBMa | E69: 2170 | F69: 55 | G69: 51 | H69: 67 | I69: 63 | J69: =IF(LEN(TRIM(E69))=0,"","http://www.badatelna.eu/reprodukce/?fondId="&K69&"&zaznamId="&L69&"&reproId="&M69) -> http://www.badatelna.eu/reprodukce/?fondId=1073&zaznamId=1108956&reproId=3779647 | K69: =IF(LEN(TRIM(E69))=0,"",VLOOKUP(E69,Sheet2!$B$1:$E$19,2,FALSE)) -> 1073 | L69: =IF(LEN(TRIM(E69))=0,"",VLOOKUP(E69,Sheet2!$B$1:$E$19,3,FALSE)) -> 1108956 | M69: =IF(LEN(TRIM(E69))=0,"",VLOOKUP(E69,Sheet2!$B$1:$E$19,4,FALSE))+(F69-1) -> 3779647
A70: Bäck | B70: Moriz | C70: 1882 | D70: HBMa | E70: 2172 | F70: 28 | G70: 27 | H70: 30 | I70: 29 | J70: =IF(LEN(TRIM(E70))=0,"","http://www.badatelna.eu/reprodukce/?fondId="&K70&"&zaznamId="&L70&"&reproId="&M70) -> http://www.badatelna.eu/reprodukce/?fondId=1073&zaznamId=1108958&reproId=3779769 | K70: =IF(LEN(TRIM(E70))=0,"",VLOOKUP(E70,Sheet2!$B$1:$E$19,2,FALSE)) -> 1073 | L70: =IF(LEN(TRIM(E70))=0,"",VLOOKUP(E70,Sheet2!$B$1:$E$19,3,FALSE)) -> 1108958 | M70: =IF(LEN(TRIM(E70))=0,"",VLOOKUP(E70,Sheet2!$B$1:$E$19,4,FALSE))+(F70-1) -> 3779769
A71: Bäck | B71: Petromilla | C71: 13-9-1866 | D71: HBMa | E71: 2171 | F71: 10 | G71: 7 | H71: 41 | I71: 32 | J71: =IF(LEN(TRIM(E71))=0,"","http://www.badatelna.eu/reprodukce/?fondId="&K71&"&zaznamId="&L71&"&reproId="&M71) -> http://www.badatelna.eu/reprodukce/?fondId=1073&zaznamId=1108957&reproId=3779677 | K71: =IF(LEN(TRIM(E71))=0,"",VLOOKUP(E71,Sheet2!$B$1:$E$19,2,FALSE)) -> 1073 | L71: =IF(LEN(TRIM(E71))=0,"",VLOOKUP(E71,Sheet2!$B$1:$E$19,3,FALSE)) -> 1108957 | M71: =IF(LEN(TRIM(E71))=0,"",VLOOKUP(E71,Sheet2!$B$1:$E$19,4,FALSE))+(F71-1) -> 3779677
A72: Bäck | B72: Philipp | C72: 8136 | D72: HBMa | E72: 2172 | F72: 202 | G72: 189 | H72: Not available | I72: Not available | J72: =IF(LEN(TRIM(E72))=0,"","http://www.badatelna.eu/reprodukce/?fondId="&K72&"&zaznamId="&L72&"&reproId="&M72) -> http://www.badatelna.eu/reprodukce/?fondId=1073&zaznamId=1108958&reproId=3779943 | K72: =IF(LEN(TRIM(E72))=0,"",VLOOKUP(E72,Sheet2!$B$1:$E$19,2,FALSE)) -> 1073 | L72: =IF(LEN(TRIM(E72))=0,"",VLOOKUP(E72,Sheet2!$B$1:$E$19,3,FALSE)) -> 1108958 | M72: =IF(LEN(TRIM(E72))=0,"",VLOOKUP(E72,Sheet2!$B$1:$E$19,4,FALSE))+(F72-1) -> 3779943
A73: Bäck | B73: Philipp | C73: 9-7-1888 | D73: HBMa | E73: 2172 | F73: 65 | G73: 64 | H73: Not available | I73: Not available | J73: =IF(LEN(TRIM(E73))=0,"","http://www.badatelna.eu/reprodukce/?fondId="&K73&"&zaznamId="&L73&"&reproId="&M73) -> http://www.badatelna.eu/reprodukce/?fondId=1073&zaznamId=1108958&reproId=3779806 | K73: =IF(LEN(TRIM(E73))=0,"",VLOOKUP(E73,Sheet2!$B$1:$E$19,2,FALSE)) -> 1073 | L73: =IF(LEN(TRIM(E73))=0,"",VLOOKUP(E73,Sheet2!$B$1:$E$19,3,FALSE)) -> 1108958 | M73: =IF(LEN(TRIM(E73))=0,"",VLOOKUP(E73,Sheet2!$B$1:$E$19,4,FALSE))+(F73-1) -> 3779806
A74: Bäck | B74: Rebekka | C74: 27-4-1890 | D74: HBMa | E74: 2172 | F74: 73 | G74: 72 | H74: 76 | I74: 75 | J74: =IF(LEN(TRIM(E74))=0,"","http://www.badatelna.eu/reprodukce/?fondId="&K74&"&zaznamId="&L74&"&reproId="&M74) -> http://www.badatelna.eu/reprodukce/?fondId=1073&zaznamId=1108958&reproId=3779814 | K74: =IF(LEN(TRIM(E74))=0,"",VLOOKUP(E74,Sheet2!$B$1:$E$19,2,FALSE)) -> 1073 | L74: =IF(LEN(TRIM(E74))=0,"",VLOOKUP(E74,Sheet2!$B$1:$E$19,3,FALSE)) -> 1108958 | M74: =IF(LEN(TRIM(E74))=0,"",VLOOKUP(E74,Sheet2!$B$1:$E$19,4,FALSE))+(F74-1) -> 3779814
A75: Bäck | B75: Rosi | C75: 23-3-881 | D75: HBMa | E75: 2172 | F75: 19 | G75: 18 | H75: 24 | I75: 23 | J75: =IF(LEN(TRIM(E75))=0,"","http://www.badatelna.eu/reprodukce/?fondId="&K75&"&zaznamId="&L75&"&reproId="&M75) -> http://www.badatelna.eu/reprodukce/?fondId=1073&zaznamId=1108958&reproId=3779760 | K75: =IF(LEN(TRIM(E75))=0,"",VLOOKUP(E75,Sheet2!$B$1:$E$19,2,FALSE)) -> 1073 | L75: =IF(LEN(TRIM(E75))=0,"",VLOOKUP(E75,Sheet2!$B$1:$E$19,3,FALSE)) -> 1108958 | M75: =IF(LEN(TRIM(E75))=0,"",VLOOKUP(E75,Sheet2!$B$1:$E$19,4,FALSE))+(F75-1) -> 3779760
A76: Bäck | B76: Sali | C76: 24-7-1865 | D76: HBMa | E76: 2170 | F76: 15 | G76: 11 | H76: 60 | I76: 56 | J76: =IF(LEN(TRIM(E76))=0,"","http://www.badatelna.eu/reprodukce/?fondId="&K76&"&zaznamId="&L76&"&reproId="&M76) -> http://www.badatelna.eu/reprodukce/?fondId=1073&zaznamId=1108956&reproId=3779607 | K76: =IF(LEN(TRIM(E76))=0,"",VLOOKUP(E76,Sheet2!$B$1:$E$19,2,FALSE)) -> 1073 | L76: =IF(LEN(TRIM(E76))=0,"",VLOOKUP(E76,Sheet2!$B$1:$E$19,3,FALSE)) -> 1108956 | M76: =IF(LEN(TRIM(E76))=0,"",VLOOKUP(E76,Sheet2!$B$1:$E$19,4,FALSE))+(F76-1) -> 3779607
A77: Bäck | B77: Simon | C77: 1848 | D77: HBM | E77: 998 | F77: 14 | G77: 12 | H77: 63 | I77: 60 | J77: =IF(LEN(TRIM(E77))=0,"","http://www.badatelna.eu/reprodukce/?fondId="&K77&"&zaznamId="&L77&"&reproId="&M77) -> http://www.badatelna.eu/reprodukce/?fondId=241&zaznamId=1133738&reproId=3885660 | K77: =IF(LEN(TRIM(E77))=0,"",VLOOKUP(E77,Sheet2!$B$1:$E$19,2,FALSE)) -> 241 | L77: =IF(LEN(TRIM(E77))=0,"",VLOOKUP(E77,Sheet2!$B$1:$E$19,3,FALSE)) -> 1133738 | M77: =IF(LEN(TRIM(E77))=0,"",VLOOKUP(E77,Sheet2!$B$1:$E$19,4,FALSE))+(F77-1) -> 3885660
A78: Bäckerová | B78: Josefa | C78: 24-10-1936 | D78: HBMa | E78: 2172 | F78: 238 | G78: 218 | H78: Not available | I78: Not available | J78: =IF(LEN(TRIM(E78))=0,"","http://www.badatelna.eu/reprodukce/?fondId="&K78&"&zaznamId="&L78&"&reproId="&M78) -> http://www.badatelna.eu/reprodukce/?fondId=1073&zaznamId=1108958&reproId=3779979 | K78: =IF(LEN(TRIM(E78))=0,"",VLOOKUP(E78,Sheet2!$B$1:$E$19,2,FALSE)) -> 1073 | L78: =IF(LEN(TRIM(E78))=0,"",VLOOKUP(E78,Sheet2!$B$1:$E$19,3,FALSE)) -> 1108958 | M78: =IF(LEN(TRIM(E78))=0,"",VLOOKUP(E78,Sheet2!$B$1:$E$19,4,FALSE))+(F78-1) -> 3779979
C79: also see Baeck, Bäk, | D79: Beck, Bek, | E79: Bok | J79: =IF(LEN(TRIM(E79))=0,"","http://www.badatelna.eu/reprodukce/?fondId="&K79&"&zaznamId="&L79&"&reproId="&M79) -> #N/A | K79: =IF(LEN(TRIM(E79))=0,"",VLOOKUP(E79,Sheet2!$B$1:$E$19,2,FALSE)) -> #N/A | L79: =IF(LEN(TRIM(E79))=0,"",VLOOKUP(E79,Sheet2!$B$1:$E$19,3,FALSE)) -> #N/A | M79: =IF(LEN(TRIM(E79))=0,"",VLOOKUP(E79,Sheet2!$B$1:$E$19,4,FALSE))+(F79-1) -> #N/A
A80: Bader | B80: Gottfried | C80: 26-5-1868 | D80: HBMa | E80: 2170 | F80: 27 | G80: 23 | H80: 61 | I80: 57 | J80: =IF(LEN(TRIM(E80))=0,"","http://www.badatelna.eu/reprodukce/?fondId="&K80&"&zaznamId="&L80&"&reproId="&M80) -> http://www.badatelna.eu/reprodukce/?fondId=1073&zaznamId=1108956&reproId=3779619 | K80: =IF(LEN(TRIM(E80))=0,"",VLOOKUP(E80,Sheet2!$B$1:$E$19,2,FALSE)) -> 1073 | L80: =IF(LEN(TRIM(E80))=0,"",VLOOKUP(E80,Sheet2!$B$1:$E$19,3,FALSE)) -> 1108956 | M80: =IF(LEN(TRIM(E80))=0,"",VLOOKUP(E80,Sheet2!$B$1:$E$19,4,FALSE))+(F80-1) -> 3779619
A81: Bader | B81: Juli* | C81: 26-7-1864 | D81: HBMa | E81: 2170 | F81: 12 | G81: 8 | H81: 60 | I81: 56 | J81: =IF(LEN(TRIM(E81))=0,"","http://www.badatelna.eu/reprodukce/?fondId="&K81&"&zaznamId="&L81&"&reproId="&M81) -> http://www.badatelna.eu/reprodukce/?fondId=1073&zaznamId=1108956&reproId=3779604 | K81: =IF(LEN(TRIM(E81))=0,"",VLOOKUP(E81,Sheet2!$B$1:$E$19,2,FALSE)) -> 1073 | L81: =IF(LEN(TRIM(E81))=0,"",VLOOKUP(E81,Sheet2!$B$1:$E$19,3,FALSE)) -> 1108956 | M81: =IF(LEN(TRIM(E81))=0,"",VLOOKUP(E81,Sheet2!$B$1:$E$19,4,FALSE))+(F81-1) -> 3779604
A82: Badner? | B82: Juli | C82: 1864 | D82: HBM | E82: 999 | F82: 86 | G82: 7 | H82: 95 | I82: 153 | J82: =IF(LEN(TRIM(E82))=0,"","http://www.badatelna.eu/reprodukce/?fondId="&K82&"&zaznamId="&L82&"&reproId="&M82) -> http://www.badatelna.eu/reprodukce/?fondId=241&zaznamId=1133739&reproId=3885815 | K82: =IF(LEN(TRIM(E82))=0,"",VLOOKUP(E82,Sheet2!$B$1:$E$19,2,FALSE)) -> 241 | L82: =IF(LEN(TRIM(E82))=0,"",VLOOKUP(E82,Sheet2!$B$1:$E$19,3,FALSE)) -> 1133739 | M82: =IF(LEN(TRIM(E82))=0,"",VLOOKUP(E82,Sheet2!$B$1:$E$19,4,FALSE))+(F82-1) -> 3885815
A83: Baeck | B83: Jakob | C83: 1864 | D83: HBM | E83: 999 | F83: 85 | G83: 6 | H83: 95 | I83: 153 | J83: =IF(LEN(TRIM(E83))=0,"","http://www.badatelna.eu/reprodukce/?fondId="&K83&"&zaznamId="&L83&"&reproId="&M83) -> http://www.badatelna.eu/reprodukce/?fondId=241&zaznamId=1133739&reproId=3885814 | K83: =IF(LEN(TRIM(E83))=0,"",VLOOKUP(E83,Sheet2!$B$1:$E$19,2,FALSE)) -> 241 | L83: =IF(LEN(TRIM(E83))=0,"",VLOOKUP(E83,Sheet2!$B$1:$E$19,3,FALSE)) -> 1133739 | M83: =IF(LEN(TRIM(E83))=0,"",VLOOKUP(E83,Sheet2!$B$1:$E$19,4,FALSE))+(F83-1) -> 3885814
A84: Baeck | B84: Regina | C84: 1856 | D84: HBM | E84: 998 | F84: 49 | G84: 47 | H84: 64 | I84: 61 | J84: =IF(LEN(TRIM(E84))=0,"","http://www.badatelna.eu/reprodukce/?fondId="&K84&"&zaznamId="&L84&"&reproId="&M84) -> http://www.badatelna.eu/reprodukce/?fondId=241&zaznamId=1133738&reproId=3885695 | K84: =IF(LEN(TRIM(E84))=0,"",VLOOKUP(E84,Sheet2!$B$1:$E$19,2,FALSE)) -> 241 | L84: =IF(LEN(TRIM(E84))=0,"",VLOOKUP(E84,Sheet2!$B$1:$E$19,3,FALSE)) -> 1133738 | M84: =IF(LEN(TRIM(E84))=0,"",VLOOKUP(E84,Sheet2!$B$1:$E$19,4,FALSE))+(F84-1) -> 3885695
A85: Baisler? | B85: Elianna | C85: 3-1-1830 | D85: HBMa | E85: 2173 | F85: 182 | G85: 11 | H85: 185 | I85: 412 | J85: =IF(LEN(TRIM(E85))=0,"","http://www.badatelna.eu/reprodukce/?fondId="&K85&"&zaznamId="&L85&"&reproId="&M85) -> http://www.badatelna.eu/reprodukce/?fondId=1073&zaznamId=1108959&reproId=3780175 | K85: =IF(LEN(TRIM(E85))=0,"",VLOOKUP(E85,Sheet2!$B$1:$E$19,2,FALSE)) -> 1073 | L85: =IF(LEN(TRIM(E85))=0,"",VLOOKUP(E85,Sheet2!$B$1:$E$19,3,FALSE)) -> 1108959 | M85: =IF(LEN(TRIM(E85))=0,"",VLOOKUP(E85,Sheet2!$B$1:$E$19,4,FALSE))+(F85-1) -> 3780175
A86: Bak | B86: Aron | C86: 22-1-1814 | D86: HBMa | E86: 2173 | F86: 205 | G86: 20 | H86: Not available | I86: Not available | J86: =IF(LEN(TRIM(E86))=0,"","http://www.badatelna.eu/reprodukce/?fondId="&K86&"&zaznamId="&L86&"&reproId="&M86) -> http://www.badatelna.eu/reprodukce/?fondId=1073&zaznamId=1108959&reproId=3780198 | K86: =IF(LEN(TRIM(E86))=0,"",VLOOKUP(E86,Sheet2!$B$1:$E$19,2,FALSE)) -> 1073 | L86: =IF(LEN(TRIM(E86))=0,"",VLOOKUP(E86,Sheet2!$B$1:$E$19,3,FALSE)) -> 1108959 | M86: =IF(LEN(TRIM(E86))=0,"",VLOOKUP(E86,Sheet2!$B$1:$E$19,4,FALSE))+(F86-1) -> 3780198
A87: Bak | B87: Aron | C87: 4-3-1797 | D87: HBMa | E87: 2173 | F87: 199 | G87: 7 | H87: Not available | I87: Not available | J87: =IF(LEN(TRIM(E87))=0,"","http://www.badatelna.eu/reprodukce/?fondId="&K87&"&zaznamId="&L87&"&reproId="&M87) -> http://www.badatelna.eu/reprodukce/?fondId=1073&zaznamId=1108959&reproId=3780192 | K87: =IF(LEN(TRIM(E87))=0,"",VLOOKUP(E87,Sheet2!$B$1:$E$19,2,FALSE)) -> 1073 | L87: =IF(LEN(TRIM(E87))=0,"",VLOOKUP(E87,Sheet2!$B$1:$E$19,3,FALSE)) -> 1108959 | M87: =IF(LEN(TRIM(E87))=0,"",VLOOKUP(E87,Sheet2!$B$1:$E$19,4,FALSE))+(F87-1) -> 3780192
A88: Bak | B88: Gerdmand | C88: 12-11-1879 | D88: HBMa | E88: 2172 | F88: 14 | G88: 13 | H88: Not available | I88: Not available | J88: =IF(LEN(TRIM(E88))=0,"","http://www.badatelna.eu/reprodukce/?fondId="&K88&"&zaznamId="&L88&"&reproId="&M88) -> http://www.badatelna.eu/reprodukce/?fondId=1073&zaznamId=1108958&reproId=3779755 | K88: =IF(LEN(TRIM(E88))=0,"",VLOOKUP(E88,Sheet2!$B$1:$E$19,2,FALSE)) -> 1073 | L88: =IF(LEN(TRIM(E88))=0,"",VLOOKUP(E88,Sheet2!$B$1:$E$19,3,FALSE)) -> 1108958 | M88: =IF(LEN(TRIM(E88))=0,"",VLOOKUP(E88,Sheet2!$B$1:$E$19,4,FALSE))+(F88-1) -> 3779755
A89: Bäk | B89: Anna | C89: 23-6-1878 | D89: HBMa | E89: 2172 | F89: 4 | G89: 1 | H89: 8 | I89: 1 | J89: =IF(LEN(TRIM(E89))=0,"","http://www.badatelna.eu/reprodukce/?fondId="&K89&"&zaznamId="&L89&"&reproId="&M89) -> http://www.badatelna.eu/reprodukce/?fondId=1073&zaznamId=1108958&reproId=3779745 | K89: =IF(LEN(TRIM(E89))=0,"",VLOOKUP(E89,Sheet2!$B$1:$E$19,2,FALSE)) -> 1073 | L89: =IF(LEN(TRIM(E89))=0,"",VLOOKUP(E89,Sheet2!$B$1:$E$19,3,FALSE)) -> 1108958 | M89: =IF(LEN(TRIM(E89))=0,"",VLOOKUP(E89,Sheet2!$B$1:$E$19,4,FALSE))+(F89-1) -> 3779745
A90: Bäk | B90: Betti | C90: 1865 | D90: HBM | E90: 999 | F90: 88 | G90: 9 | H90: 95 | I90: 153 | J90: =IF(LEN(TRIM(E90))=0,"","http://www.badatelna.eu/reprodukce/?fondId="&K90&"&zaznamId="&L90&"&reproId="&M90) -> http://www.badatelna.eu/reprodukce/?fondId=241&zaznamId=1133739&reproId=3885817 | K90: =IF(LEN(TRIM(E90))=0,"",VLOOKUP(E90,Sheet2!$B$1:$E$19,2,FALSE)) -> 241 | L90: =IF(LEN(TRIM(E90))=0,"",VLOOKUP(E90,Sheet2!$B$1:$E$19,3,FALSE)) -> 1133739 | M90: =IF(LEN(TRIM(E90))=0,"",VLOOKUP(E90,Sheet2!$B$1:$E$19,4,FALSE))+(F90-1) -> 3885817
A91: Bäk | B91: Carolina | C91: 30-10-1876 | D91: HBMa | E91: 2170 | F91: 56 | G91: 52 | H91: 67 | I91: 63 | J91: =IF(LEN(TRIM(E91))=0,"","http://www.badatelna.eu/reprodukce/?fondId="&K91&"&zaznamId="&L91&"&reproId="&M91) -> http://www.badatelna.eu/reprodukce/?fondId=1073&zaznamId=1108956&reproId=3779648 | K91: =IF(LEN(TRIM(E91))=0,"",VLOOKUP(E91,Sheet2!$B$1:$E$19,2,FALSE)) -> 1073 | L91: =IF(LEN(TRIM(E91))=0,"",VLOOKUP(E91,Sheet2!$B$1:$E$19,3,FALSE)) -> 1108956 | M91: =IF(LEN(TRIM(E91))=0,"",VLOOKUP(E91,Sheet2!$B$1:$E$19,4,FALSE))+(F91-1) -> 3779648
A92: Bäk | B92: Emanuel | C92: 29-3-1807 | D92: HBMa | E92: 2173 | F92: 202 | G92: 14 | H92: Not available | I92: Not available | J92: =IF(LEN(TRIM(E92))=0,"","http://www.badatelna.eu/reprodukce/?fondId="&K92&"&zaznamId="&L92&"&reproId="&M92) -> http://www.badatelna.eu/reprodukce/?fondId=1073&zaznamId=1108959&reproId=3780195 | K92: =IF(LEN(TRIM(E92))=0,"",VLOOKUP(E92,Sheet2!$B$1:$E$19,2,FALSE)) -> 1073 | L92: =IF(LEN(TRIM(E92))=0,"",VLOOKUP(E92,Sheet2!$B$1:$E$19,3,FALSE)) -> 1108959 | M92: =IF(LEN(TRIM(E92))=0,"",VLOOKUP(E92,Sheet2!$B$1:$E$19,4,FALSE))+(F92-1) -> 3780195
A93: Bäk | B93: Jakob | C93: 7-4-1812 | D93: HBMa | E93: 2173 | F93: 208 | G93: 25 | H93: Not available | I93: Not available | J93: =IF(LEN(TRIM(E93))=0,"","http://www.badatelna.eu/reprodukce/?fondId="&K93&"&zaznamId="&L93&"&reproId="&M93) -> http://www.badatelna.eu/reprodukce/?fondId=1073&zaznamId=1108959&reproId=3780201 | K93: =IF(LEN(TRIM(E93))=0,"",VLOOKUP(E93,Sheet2!$B$1:$E$19,2,FALSE)) -> 1073 | L93: =IF(LEN(TRIM(E93))=0,"",VLOOKUP(E93,Sheet2!$B$1:$E$19,3,FALSE)) -> 1108959 | M93: =IF(LEN(TRIM(E93))=0,"",VLOOKUP(E93,Sheet2!$B$1:$E$19,4,FALSE))+(F93-1) -> 3780201
A94: Bardie? | B94: Hugo | C94: 1863 | D94: HBM | E94: 999 | F94: 84 | G94: 5 | H94: 95 | I94: 153 | J94: =IF(LEN(TRIM(E94))=0,"","http://www.badatelna.eu/reprodukce/?fondId="&K94&"&zaznamId="&L94&"&reproId="&M94) -> http://www.badatelna.eu/reprodukce/?fondId=241&zaznamId=1133739&reproId=3885813 | K94: =IF(LEN(TRIM(E94))=0,"",VLOOKUP(E94,Sheet2!$B$1:$E$19,2,FALSE)) -> 241 | L94: =IF(LEN(TRIM(E94))=0,"",VLOOKUP(E94,Sheet2!$B$1:$E$19,3,FALSE)) -> 1133739 | M94: =IF(LEN(TRIM(E94))=0,"",VLOOKUP(E94,Sheet2!$B$1:$E$19,4,FALSE))+(F94-1) -> 3885813
A95: Barth | B95: Albert | C95: 25-3-1912 | D95: HBMa | E95: 2172 | F95: 181 | G95: 173 | H95: Not available | I95: Not available | J95: =IF(LEN(TRIM(E95))=0,"","http://www.badatelna.eu/reprodukce/?fondId="&K95&"&zaznamId="&L95&"&reproId="&M95) -> http://www.badatelna.eu/reprodukce/?fondId=1073&zaznamId=1108958&reproId=3779922 | K95: =IF(LEN(TRIM(E95))=0,"",VLOOKUP(E95,Sheet2!$B$1:$E$19,2,FALSE)) -> 1073 | L95: =IF(LEN(TRIM(E95))=0,"",VLOOKUP(E95,Sheet2!$B$1:$E$19,3,FALSE)) -> 1108958 | M95: =IF(LEN(TRIM(E95))=0,"",VLOOKUP(E95,Sheet2!$B$1:$E$19,4,FALSE))+(F95-1) -> 3779922
A96: Barth | B96: Antonia | C96: 1850 | D96: HBM | E96: 998 | F96: 30 | G96: 28 | H96: 63 | I96: 60 | J96: =IF(LEN(TRIM(E96))=0,"","http://www.badatelna.eu/reprodukce/?fondId="&K96&"&zaznamId="&L96&"&reproId="&M96) -> http://www.badatelna.eu/reprodukce/?fondId=241&zaznamId=1133738&reproId=3885676 | K96: =IF(LEN(TRIM(E96))=0,"",VLOOKUP(E96,Sheet2!$B$1:$E$19,2,FALSE)) -> 241 | L96: =IF(LEN(TRIM(E96))=0,"",VLOOKUP(E96,Sheet2!$B$1:$E$19,3,FALSE)) -> 1133738 | M96: =IF(LEN(TRIM(E96))=0,"",VLOOKUP(E96,Sheet2!$B$1:$E$19,4,FALSE))+(F96-1) -> 3885676
A97: Barth | B97: Aron | C97: 27-12-1827 | D97: HBMa | E97: 2173 | F97: 210 | G97: 29 | H97: Not available | I97: Not available | J97: =IF(LEN(TRIM(E97))=0,"","http://www.badatelna.eu/reprodukce/?fondId="&K97&"&zaznamId="&L97&"&reproId="&M97) -> http://www.badatelna.eu/reprodukce/?fondId=1073&zaznamId=1108959&reproId=3780203 | K97: =IF(LEN(TRIM(E97))=0,"",VLOOKUP(E97,Sheet2!$B$1:$E$19,2,FALSE)) -> 1073 | L97: =IF(LEN(TRIM(E97))=0,"",VLOOKUP(E97,Sheet2!$B$1:$E$19,3,FALSE)) -> 1108959 | M97: =IF(LEN(TRIM(E97))=0,"",VLOOKUP(E97,Sheet2!$B$1:$E$19,4,FALSE))+(F97-1) -> 3780203
A98: Barth | B98: Aron | C98: 29-7-1790 | D98: HBMa | E98: 2173 | F98: 196 | G98: 1 | H98: Not available | I98: Not available | J98: =IF(LEN(TRIM(E98))=0,"","http://www.badatelna.eu/reprodukce/?fondId="&K98&"&zaznamId="&L98&"&reproId="&M98) -> http://www.badatelna.eu/reprodukce/?fondId=1073&zaznamId=1108959&reproId=3780189 | K98: =IF(LEN(TRIM(E98))=0,"",VLOOKUP(E98,Sheet2!$B$1:$E$19,2,FALSE)) -> 1073 | L98: =IF(LEN(TRIM(E98))=0,"",VLOOKUP(E98,Sheet2!$B$1:$E$19,3,FALSE)) -> 1108959 | M98: =IF(LEN(TRIM(E98))=0,"",VLOOKUP(E98,Sheet2!$B$1:$E$19,4,FALSE))+(F98-1) -> 3780189
A99: Barth | B99: Aron* | C99: 27-12-1827 | D99: HBMa | E99: 2173 | F99: 181 | G99: 8 | H99: 185 | I99: 412 | J99: =IF(LEN(TRIM(E99))=0,"","http://www.badatelna.eu/reprodukce/?fondId="&K99&"&zaznamId="&L99&"&reproId="&M99) -> http://www.badatelna.eu/reprodukce/?fondId=1073&zaznamId=1108959&reproId=3780174 | K99: =IF(LEN(TRIM(E99))=0,"",VLOOKUP(E99,Sheet2!$B$1:$E$19,2,FALSE)) -> 1073 | L99: =IF(LEN(TRIM(E99))=0,"",VLOOKUP(E99,Sheet2!$B$1:$E$19,3,FALSE)) -> 1108959 | M99: =IF(LEN(TRIM(E99))=0,"",VLOOKUP(E99,Sheet2!$B$1:$E$19,4,FALSE))+(F99-1) -> 3780174
A100: Barth | B100: Betti | C100: 29-5-1873 | D100: HBMa | E100: 2170 | F100: 47 | G100: 43 | H100: 61 | I100: 57 | J100: =IF(LEN(TRIM(E100))=0,"","http://www.badatelna.eu/reprodukce/?fondId="&K100&"&zaznamId="&L100&"&reproId="&M100) -> http://www.badatelna.eu/reprodukce/?fondId=1073&zaznamId=1108956&reproId=3779639 | K100: =IF(LEN(TRIM(E100))=0,"",VLOOKUP(E100,Sheet2!$B$1:$E$19,2,FALSE)) -> 1073 | L100: =IF(LEN(TRIM(E100))=0,"",VLOOKUP(E100,Sheet2!$B$1:$E$19,3,FALSE)) -> 1108956 | M100: =IF(LEN(TRIM(E100))=0,"",VLOOKUP(E100,Sheet2!$B$1:$E$19,4,FALSE))+(F100-1) -> 3779639
...

Sheet Sheet2
B1: inv | C1: fond | D1: zaznamid | E1: reproid | F1: page
A2: http://www.badatelna.eu/reprodukce/?fondId=1073&zaznamId=1108960&reproId=3780225 | B2: 995 | C2: 241 | D2: 1133735 | E2: 3885429 | F2: 1
B3: 996 | C3: 241 | D3: 1133736 | E3: 3885569 | F3: 1
B4: 997 | C4: 241 | D4: 1133737 | E4: 3885619 | F4: 1
B5: 998 | C5: 241 | D5: 1133738 | E5: 3885647 | F5: 1
B6: 999 | C6: 241 | D6: 1133739 | E6: 3885730 | F6: 1
B7: 2164 | C7: 1073 | D7: 1108951 | E7: 3778715 | F7: 1
B8: 2165 | C8: 1073 | D8: 1108952 | E8: 3778862 | F8: 1
B9: 2166 | C9: 1073 | D9: 1108953 | E9: 3779225 | F9: 1
B10: 2167 | C10: 1073 | D10: 1108954 | E10: 3779284 | F10: 1
B11: 2168 | C11: 1073 | D11: 1108955 | E11: 3779305 | F11: 1
B12: 2169 | C12: 1073 | D12: 1110078 | E12: 3830578 | F12: 1
B13: 2170 | C13: 1073 | D13: 1108956 | E13: 3779593 | F13: 1
B14: 2171 | C14: 1073 | D14: 1108957 | E14: 3779668 | F14: 1
... B19: 2176 | C19: 1073 | D19: 1108963 | E19: 3780562 | F19: 1
